,Cleaned Text,Sentiment Score,Polarity
0,dublin worst capit europ public transport ticket price find greenpeac,-0.6249,negative
1,billion dublin transport plan publish,0.0,neutral
2,revis dublin transport plan see cost doubl bn rail project delay,-0.3182,negative
3,mani car road hamper public transport dublin bu ceo tell td,0.0,neutral
4,public transport dublin gener thought,0.0,neutral
5,dublin public transport loud nsfw,0.0,neutral
6,public transport dublin cork citi busi,0.0,neutral
7,take public transport dublin airport weekend park space sold warn daa,-0.1027,negative
8,aa test differ mode transport travel km dublin south citi centr whitehal north dublin tue pm,0.0,neutral
9,dublin transport,0.0,neutral
10,metrolink new lua line bn dublin transport plan,0.0,neutral
11,map dublin tram public transport rout,0.0,neutral
12,fare reduct urban dublin transport,0.0,neutral
13,dublin live public transport fare slash next month,-0.2732,negative
14,airbnb dublin transport,0.0,neutral
15,member aia saoirs phalaist n current gang plank british warship dock dublin port protest transport weapon support isra genocid,-0.296,negative
16,dublin rail transport line call,0.0,neutral
17,dublin metro open transport minist eamon ryan hope,0.4404,positive
18,bit moan transport night dublin indulg,-0.1531,negative
19,public transport ireland esp dublin purpos,0.0,neutral
20,transport minist eamon ryan deliv rous speech passeng dublin airport via irishdailytim twitter,0.0,neutral
21,multi day hike easter dublin public transport,0.0,neutral
22,minut fare public transport servic dublin,0.0,neutral
23,public transport everyth go dublin,0.0,neutral
24,appar dublin th best citi world public transport,0.6369,positive
25,dublin cork could grind halt unless spend public transport increas,0.0,neutral
26,free public transport rule despit dublin slowest citi centr europ,0.5106,positive
27,take one whole extra hour take bu blanchardstown nearli time time take car public transport dublin expens joke,0.296,positive
28,public transport oper later dublin,0.0,neutral
29,proper cycl infrastructur easiest way reduc public transport overcrowd dublin commut coalit releas manifesto call politician prioritis public transport,0.4215,positive
30,dublin produc local version icon imag much space mode transport take,0.0,neutral
31,dublin road space alloc improv transport dublin,0.0,neutral
32,crazier public transport countri red lua line dublin,-0.0258,neutral
33,transport gormaston park dublin airport,0.0,neutral
34,dublin second london expens citi world monthli public transport ticket,0.0,neutral
35,realli believ car lobbi call free public transport reduc car usag know reduc car usag dublincommut,0.5106,positive
36,metrolink extens south citi back frame new transport plan greater dublin,0.3612,positive
37,minist transport warn dublin airport drone disruptor subject arrest,-0.4215,negative
38,say ireland launch irish space program get moon hand respons nation transport author subsequ tender joint project bu eireann dublin bu irish rail would get would happen along way,0.4939,positive
39,irish rail go cancel train,-0.25,negative
40,peopl social welfar disabl get public transport free dublin,0.5106,positive
41,dublin commut coalit group call end scaremong public transport propos,0.0,neutral
42,fastest public transport rout dublin limerick,0.0,neutral
43,anti racism campaign launch dublin transport provid,-0.7506,negative
44,form public transport avail night travel longford dublin,0.0,neutral
45,realis public transport outsid dublin virtual non exist,0.0,neutral
46,public transport rout dublin,0.0,neutral
47,six new propos north dublin transport go take year,0.0,neutral
48,public transport dublin glendalough,0.0,neutral
49,got job interview blew mind,0.0,neutral
50,govern accus prioritis dublin cork transport plan delay,-0.3182,negative
51,sky high cost transport rent internet see dublin afford plung,0.0,neutral
52,dublin commut coalit review parti transport polici manifesto,0.0,neutral
53,public transport dublin mountain,0.0,neutral
54,ireland funni,0.0,neutral
55,sean defo new cabinet sub committe agre cut public transport fare april rest cost cover bu ireann irish rail dublin bu go ahead lua dart local link,-0.2732,negative
56,dublin commut coalit new advocaci group public transport user dublin first meet next week,0.0,neutral
57,feasibl day trip dublin atlant coast public transport,0.0,neutral
58,beat inflat,0.0,neutral
59,train station bar shut,0.0,neutral
60,guid becom dublin nimbi,0.0,neutral
61,wild camp spot easili access public transport dublin,0.0,neutral
62,leap card dublin integr public transport smartcard first impress,0.4404,positive
63,bad dublin hous crisi circumv use ireland transport infrastructur,-0.5423,negative
64,hike transport charg hit dublin commut pocket baffl,0.0,neutral
65,underground transport dublin,0.0,neutral
66,commut journey dublin citi use public transport,0.0,neutral
67,dog dublin public transport non servic dog,0.0,neutral
68,anyon transport bicycl dublin airport far summer what experi,0.0,neutral
69,rout car bike public transport amsterdam goal separ mode transport safeti effici began drive fallen main mode despit similar weather dublin could irish citi implement idea,-0.3612,negative
70,nta review transport strategi dublin ignor lua dart line want metro line next decad,0.0772,positive
71,happen dublin peopl live anymor,0.0,neutral
72,peopl travel dublin citi public transport fewer cyclist,0.0,neutral
73,bu ireann contribut get peopl car hike fare,0.0,neutral
74,like blind person dublin public transport pleas pet guid dog,-0.0516,negative
75,petrol money etiquett,0.0,neutral
76,ryanair hate eamon ryan,-0.5719,negative
77,transport giraff dublin zoo,0.0,neutral
78,mess,-0.3612,negative
79,nta dublin citi council plan get citi move drop public transport usag offset aim increas walk increas cycl dublin commut coalit twitter thread,-0.2732,negative
80,need help transport dublin celbridg,0.4019,positive
81,remind tonight pm dublin commut coalit new advocaci group public transport user dublin,0.0,neutral
82,someon help public transport dublin cork,0.4019,positive
83,best transport citi center dublin airport,0.6369,positive
84,opinion public transport specif outsid dublin,0.0,neutral
85,hike access dublin citi center public transport,0.0,neutral
86,probabl one dublin icon form transport shit insta svphotoshoot,-0.5574,negative
87,dublin airport public transport hour stay,0.0,neutral
88,disabl senior public transport option cliff moher shannon dublin,0.0,neutral
89,question public transport dublin cork,0.0,neutral
90,investig dublin public transport job interview,0.0,neutral
91,honest review ireland mostli dublin,0.5106,positive
92,earli attempt public transport around dublin boy suck,-0.4404,negative
93,go alon christma,0.0,neutral
94,go make differ transport ireland cohes base dublin bu logo,0.0,neutral
95,hardest transport job,0.0,neutral
96,lack common courtesi dublin bu,-0.3182,negative
97,outdoor chess tabl dublin,0.0,neutral
98,scale back russian embassi dublin,0.0,neutral
99,dublin bu lua dart get direct dublin use public transport option hit road,0.0,neutral
100,unpopular opinion applaud dart track invad,0.4588,positive
101,angri southsid metro cancel join dublin commut coalit,0.0516,positive
102,dissatisfi news nta transport strategi dublin shelv mani project come decad voic dissatisfact public consult draft open till th decemb,0.0,neutral
103,would musk bezo wealth benefit ireland,0.7351,positive
104,new transport propos dublin think,0.0,neutral
105,til transport ireland journey planner app option see everi bu dublin like run minut late,0.3612,positive
106,let buy hous near capit typic salari ireland,0.0,neutral
107,town could receiv statu citi either futur,0.0,neutral
108,two men arrest allegedli openli take cocain train dublin cork irish rail spokeswoman seemingli never use public transport ireland watch video internet matter said would say extrem isol incid,-0.3182,negative
109,peopl use train toliet poop,0.0,neutral
110,lad actual fuck go free liter imposs get taxi,-0.0516,negative
111,transport offic chair,0.0,neutral
112,came door typic fg fashion dedic space sinn fein,0.0,neutral
113,dublin public transport bu lua dart android app use hittheroad ie,0.0,neutral
114,good area hike near south dublin far public transport phone signal,0.4404,positive
115,take public transport dublin cork tourist somebodi love hike stop dublin cork,0.4588,positive
116,time move dublin port acr prime residenti land besid sea close transport link develop new citi water rest world move port even cork,0.0,neutral
117,newbridg naa,0.0,neutral
118,seven irish diplomat bag go miss someth fishi go,-0.1531,negative
119,seem tfi campaign hope work,0.4404,positive
120,commut dublin like,0.3612,positive
121,first child time leav ireland,0.0,neutral
122,rent fuck high,-0.5423,negative
123,nigeria move dublin went social welfar offic told broke live mean transport gave love irish hospit,0.34,positive
124,dublin cork christma even,0.0,neutral
125,recent experi bu eireann driver prompt make,0.0,neutral
126,marlay park concert travel,0.0,neutral
127,storm barra live thread,0.0,neutral
128,new minut leap fare allow unlimit travel bu lua dart go,0.2263,positive
129,hike ireland without car kinda broke,0.2767,positive
130,dublin live desir map,0.0,neutral
131,anyon go pulp tomorrow,0.0,neutral
132,suspici activ near deceas rel hous,0.0,neutral
133,iarnr ireann ever schedul mk train go trale enni galway etc,0.0,neutral
134,portlaois place live,0.0,neutral
135,transport ireland commemor travel option map end list dublin commemor sunday monday,0.0,neutral
136,peopl realli complain anyth,-0.3612,negative
137,forget blame shane ross absolut ruin dublin airport profit,-0.6369,negative
138,fuck dublin fuck dublin bu,-0.7906,negative
139,ever compar cost live dublin eu citi,0.0,neutral
140,sorri simpli vent idiot think public transport cycl holi grail fix,-0.5106,negative
141,live drogheda,0.0,neutral
142,dublin vs galway,0.0,neutral
143,ryanair say order dublin airport reduc number night flight stupid,-0.4767,negative
144,taker,0.0,neutral
145,controversi opinion dublin foreign live ireland last month,0.0,neutral
146,tackl public transport hous infrastructur second capit,0.0,neutral
147,anyon experi expressway bu airport,0.0,neutral
148,urban explor gda,0.0,neutral
149,coloursi photo leinster hous look like front plaza turn car park sourc robcross,0.3612,positive
150,lack train,-0.3182,negative
151,get direct transport option dublin poll station use special gener elect version hit road,0.4019,positive
152,need advic hous situat,0.0,neutral
153,rent van automat transmiss thing,0.0,neutral
154,question abour ireland,0.0,neutral
155,long last dublin,0.0,neutral
156,ukrainian refuge ireland first hand experi part,0.4939,positive
157,buy apart alon,0.0,neutral
158,way traffic immedi went back pre covid level school offic show far depend peopl realli,0.0,neutral
159,someth unusu nich love see ireland,0.6369,positive
160,sunday train time,0.0,neutral
161,actual usag differ personalis leap card normal one,0.0,neutral
162,petrol diesel highest price sinc aa start record figur,0.0,neutral
163,plan buy st hous area advic,0.0,neutral
164,q essenti travel,0.0,neutral
165,best middl point cork dublin,0.6369,positive
166,ireland largest hospit join compani ask greater dublin area cycl network,0.5719,positive
167,respons dublin bu,0.0,neutral
168,dublin experi global pandem thank,0.3612,positive
169,would student dublin consid live commut belt,0.0,neutral
170,electr scooter thingi,0.0,neutral
171,suprem leader ireland day implement,0.0,neutral
172,bu dublin airport,0.0,neutral
173,overr,0.0,neutral
174,tip get room dublin,0.0,neutral
175,dublin bu call less park higher charg citi,0.0,neutral
176,possibl move ireland,0.0,neutral
177,someth happen public transport ireland,0.0,neutral
178,address hous crisi,0.0,neutral
179,tommi tiernan show,0.0,neutral
180,question live dublin,0.0,neutral
181,transport motorcycl,0.0,neutral
182,go dominick lua stop,-0.296,negative
183,public transport ireland sorri,0.0,neutral
184,daa accus money grab plan drop collect charg dublin airport,-0.2732,negative
185,favorit irish town,0.0,neutral
186,best save option young person live home,0.8126,positive
187,equival diamond geezer blog ireland dublin,0.34,positive
188,dublin us dog,0.0,neutral
189,reckon nightclub allow open past year,0.2263,positive
190,anger sheeran gig coach park move away,-0.5719,negative
191,f ck anyon afford hous dublin help,0.4019,positive
192,idea thing xma eve day dublin,0.0,neutral
193,pandem pleas go back restrict car access dublin citi centr,-0.3818,negative
194,dublin airport plan new charg drop off pick up,-0.2732,negative
195,public transport disgrac nye,0.0,neutral
196,obsess close airport due covid countri europ done,-0.25,negative
197,anyon els start resent rural ireland grow older,-0.1779,negative
198,rathnew commut town,0.0,neutral
199,better solut hous crisi,0.4404,positive
200,congest town,0.0,neutral
201,anyon know hike club near dublin citi centr might meet need,0.0,neutral
202,could run public transport like subscript servic,0.3612,positive
203,best way get wexford cork without drive,0.6369,positive
204,dublin overtak london europ technolog hub,0.0,neutral
205,realiti live social welfar ireland,0.0,neutral
206,monthli expens includ rent,0.0,neutral
207,mayo actual win ireland hardi buck one special,0.7579,positive
208,build new citi bmw region thought,0.0,neutral
209,dublin coach child young adult ticket,0.0,neutral
210,leap card dilemma,-0.1779,negative
211,accommod dublin,0.0,neutral
212,look somewher fairli close dublin get beginn group surf lesson friend away close dart public transport,0.4939,positive
213,dpd screw hundr parcel uk,-0.1027,negative
214,good rent price outsid dublin,0.4404,positive
215,wheelchair access issu ireland,0.0,neutral
216,bring cat ireland,0.0,neutral
217,clear transport misconcept,0.3818,positive
218,ireland alway region imbal come develop money taken eu structur fund meant west eamon ryan want make wors accept peopl outsid dublin also right econom develop,0.4404,positive
219,ty work experi,0.3818,positive
220,busconnect twitter today launch nd round public consult dublin area bu network bu servic part overal gda transport strategi key ireland climat action initi http co hw qmehx http co km k mckhv,0.0,neutral
221,safe live ireland,0.4404,positive
222,councillor vote limit number dublin hotel eros cultur life space,0.0772,positive
223,learn drive ireland depression,-0.5719,negative
224,lua free brigad shitti peopl want excus pay fare,0.4939,positive
225,look advic need public transport portlaois wexford town,0.0,neutral
226,accomod dublin erasmu exchang student,0.0,neutral
227,recommend hike without car,0.3612,positive
228,dublin bu driver mention reddit give free ride,0.5106,positive
229,suggest get louth dublin christma,0.0,neutral
230,kind car need,0.5267,positive
