"STATISTIC","Statistic Label","TLIST(W1)","Week","C03132V03784","Luas Line","UNIT","VALUE"
"TII03C01","Passenger Journeys","2019W01","2019 Week 01","-","All Luas lines","Number","549533"
"TII03C01","Passenger Journeys","2019W01","2019 Week 01","1","Red line","Number","274139"
"TII03C01","Passenger Journeys","2019W01","2019 Week 01","2","Green line","Number","275394"
"TII03C01","Passenger Journeys","2019W02","2019 Week 02","-","All Luas lines","Number","839022"
"TII03C01","Passenger Journeys","2019W02","2019 Week 02","1","Red line","Number","408199"
"TII03C01","Passenger Journeys","2019W02","2019 Week 02","2","Green line","Number","430823"
"TII03C01","Passenger Journeys","2019W03","2019 Week 03","-","All Luas lines","Number","819359"
"TII03C01","Passenger Journeys","2019W03","2019 Week 03","1","Red line","Number","376785"
"TII03C01","Passenger Journeys","2019W03","2019 Week 03","2","Green line","Number","442574"
"TII03C01","Passenger Journeys","2019W04","2019 Week 04","-","All Luas lines","Number","860745"
"TII03C01","Passenger Journeys","2019W04","2019 Week 04","1","Red line","Number","405224"
"TII03C01","Passenger Journeys","2019W04","2019 Week 04","2","Green line","Number","455521"
"TII03C01","Passenger Journeys","2019W05","2019 Week 05","-","All Luas lines","Number","912795"
"TII03C01","Passenger Journeys","2019W05","2019 Week 05","1","Red line","Number","441197"
"TII03C01","Passenger Journeys","2019W05","2019 Week 05","2","Green line","Number","471598"
"TII03C01","Passenger Journeys","2019W06","2019 Week 06","-","All Luas lines","Number","912612"
"TII03C01","Passenger Journeys","2019W06","2019 Week 06","1","Red line","Number","449398"
"TII03C01","Passenger Journeys","2019W06","2019 Week 06","2","Green line","Number","463215"
"TII03C01","Passenger Journeys","2019W07","2019 Week 07","-","All Luas lines","Number","940476"
"TII03C01","Passenger Journeys","2019W07","2019 Week 07","1","Red line","Number","466795"
"TII03C01","Passenger Journeys","2019W07","2019 Week 07","2","Green line","Number","473682"
"TII03C01","Passenger Journeys","2019W08","2019 Week 08","-","All Luas lines","Number","952291"
"TII03C01","Passenger Journeys","2019W08","2019 Week 08","1","Red line","Number","480974"
"TII03C01","Passenger Journeys","2019W08","2019 Week 08","2","Green line","Number","471317"
"TII03C01","Passenger Journeys","2019W09","2019 Week 09","-","All Luas lines","Number","929391"
"TII03C01","Passenger Journeys","2019W09","2019 Week 09","1","Red line","Number","468299"
"TII03C01","Passenger Journeys","2019W09","2019 Week 09","2","Green line","Number","461093"
"TII03C01","Passenger Journeys","2019W10","2019 Week 10","-","All Luas lines","Number","941919"
"TII03C01","Passenger Journeys","2019W10","2019 Week 10","1","Red line","Number","475467"
"TII03C01","Passenger Journeys","2019W10","2019 Week 10","2","Green line","Number","466451"
"TII03C01","Passenger Journeys","2019W11","2019 Week 11","-","All Luas lines","Number","924998"
"TII03C01","Passenger Journeys","2019W11","2019 Week 11","1","Red line","Number","442796"
"TII03C01","Passenger Journeys","2019W11","2019 Week 11","2","Green line","Number","482201"
"TII03C01","Passenger Journeys","2019W12","2019 Week 12","-","All Luas lines","Number","868205"
"TII03C01","Passenger Journeys","2019W12","2019 Week 12","1","Red line","Number","440137"
"TII03C01","Passenger Journeys","2019W12","2019 Week 12","2","Green line","Number","428068"
"TII03C01","Passenger Journeys","2019W13","2019 Week 13","-","All Luas lines","Number","1003871"
"TII03C01","Passenger Journeys","2019W13","2019 Week 13","1","Red line","Number","516298"
"TII03C01","Passenger Journeys","2019W13","2019 Week 13","2","Green line","Number","487573"
"TII03C01","Passenger Journeys","2019W14","2019 Week 14","-","All Luas lines","Number","933575"
"TII03C01","Passenger Journeys","2019W14","2019 Week 14","1","Red line","Number","457616"
"TII03C01","Passenger Journeys","2019W14","2019 Week 14","2","Green line","Number","475959"
"TII03C01","Passenger Journeys","2019W15","2019 Week 15","-","All Luas lines","Number","945662"
"TII03C01","Passenger Journeys","2019W15","2019 Week 15","1","Red line","Number","469346"
"TII03C01","Passenger Journeys","2019W15","2019 Week 15","2","Green line","Number","476316"
"TII03C01","Passenger Journeys","2019W16","2019 Week 16","-","All Luas lines","Number","842186"
"TII03C01","Passenger Journeys","2019W16","2019 Week 16","1","Red line","Number","426377"
"TII03C01","Passenger Journeys","2019W16","2019 Week 16","2","Green line","Number","415809"
"TII03C01","Passenger Journeys","2019W17","2019 Week 17","-","All Luas lines","Number","801296"
"TII03C01","Passenger Journeys","2019W17","2019 Week 17","1","Red line","Number","408238"
"TII03C01","Passenger Journeys","2019W17","2019 Week 17","2","Green line","Number","393058"
"TII03C01","Passenger Journeys","2019W18","2019 Week 18","-","All Luas lines","Number","919255"
"TII03C01","Passenger Journeys","2019W18","2019 Week 18","1","Red line","Number","453764"
"TII03C01","Passenger Journeys","2019W18","2019 Week 18","2","Green line","Number","465491"
"TII03C01","Passenger Journeys","2019W19","2019 Week 19","-","All Luas lines","Number","817933"
"TII03C01","Passenger Journeys","2019W19","2019 Week 19","1","Red line","Number","411312"
"TII03C01","Passenger Journeys","2019W19","2019 Week 19","2","Green line","Number","406621"
"TII03C01","Passenger Journeys","2019W20","2019 Week 20","-","All Luas lines","Number","904983"
"TII03C01","Passenger Journeys","2019W20","2019 Week 20","1","Red line","Number","446595"
"TII03C01","Passenger Journeys","2019W20","2019 Week 20","2","Green line","Number","458388"
"TII03C01","Passenger Journeys","2019W21","2019 Week 21","-","All Luas lines","Number","902415"
"TII03C01","Passenger Journeys","2019W21","2019 Week 21","1","Red line","Number","455929"
"TII03C01","Passenger Journeys","2019W21","2019 Week 21","2","Green line","Number","446486"
"TII03C01","Passenger Journeys","2019W22","2019 Week 22","-","All Luas lines","Number","973025"
"TII03C01","Passenger Journeys","2019W22","2019 Week 22","1","Red line","Number","502622"
"TII03C01","Passenger Journeys","2019W22","2019 Week 22","2","Green line","Number","470403"
"TII03C01","Passenger Journeys","2019W23","2019 Week 23","-","All Luas lines","Number","826269"
"TII03C01","Passenger Journeys","2019W23","2019 Week 23","1","Red line","Number","422419"
"TII03C01","Passenger Journeys","2019W23","2019 Week 23","2","Green line","Number","403850"
"TII03C01","Passenger Journeys","2019W24","2019 Week 24","-","All Luas lines","Number","925516"
"TII03C01","Passenger Journeys","2019W24","2019 Week 24","1","Red line","Number","471816"
"TII03C01","Passenger Journeys","2019W24","2019 Week 24","2","Green line","Number","453700"
"TII03C01","Passenger Journeys","2019W25","2019 Week 25","-","All Luas lines","Number","883208"
"TII03C01","Passenger Journeys","2019W25","2019 Week 25","1","Red line","Number","444675"
"TII03C01","Passenger Journeys","2019W25","2019 Week 25","2","Green line","Number","438533"
"TII03C01","Passenger Journeys","2019W26","2019 Week 26","-","All Luas lines","Number","905636"
"TII03C01","Passenger Journeys","2019W26","2019 Week 26","1","Red line","Number","457342"
"TII03C01","Passenger Journeys","2019W26","2019 Week 26","2","Green line","Number","448295"
"TII03C01","Passenger Journeys","2019W27","2019 Week 27","-","All Luas lines","Number","982288"
"TII03C01","Passenger Journeys","2019W27","2019 Week 27","1","Red line","Number","498818"
"TII03C01","Passenger Journeys","2019W27","2019 Week 27","2","Green line","Number","483470"
"TII03C01","Passenger Journeys","2019W28","2019 Week 28","-","All Luas lines","Number","919158"
"TII03C01","Passenger Journeys","2019W28","2019 Week 28","1","Red line","Number","478360"
"TII03C01","Passenger Journeys","2019W28","2019 Week 28","2","Green line","Number","440798"
"TII03C01","Passenger Journeys","2019W29","2019 Week 29","-","All Luas lines","Number","903958"
"TII03C01","Passenger Journeys","2019W29","2019 Week 29","1","Red line","Number","452205"
"TII03C01","Passenger Journeys","2019W29","2019 Week 29","2","Green line","Number","451753"
"TII03C01","Passenger Journeys","2019W30","2019 Week 30","-","All Luas lines","Number","926491"
"TII03C01","Passenger Journeys","2019W30","2019 Week 30","1","Red line","Number","469191"
"TII03C01","Passenger Journeys","2019W30","2019 Week 30","2","Green line","Number","457300"
"TII03C01","Passenger Journeys","2019W31","2019 Week 31","-","All Luas lines","Number","832452"
"TII03C01","Passenger Journeys","2019W31","2019 Week 31","1","Red line","Number","422939"
"TII03C01","Passenger Journeys","2019W31","2019 Week 31","2","Green line","Number","409513"
"TII03C01","Passenger Journeys","2019W32","2019 Week 32","-","All Luas lines","Number","807393"
"TII03C01","Passenger Journeys","2019W32","2019 Week 32","1","Red line","Number","423004"
"TII03C01","Passenger Journeys","2019W32","2019 Week 32","2","Green line","Number","384389"
"TII03C01","Passenger Journeys","2019W33","2019 Week 33","-","All Luas lines","Number","868677"
"TII03C01","Passenger Journeys","2019W33","2019 Week 33","1","Red line","Number","445915"
"TII03C01","Passenger Journeys","2019W33","2019 Week 33","2","Green line","Number","422762"
"TII03C01","Passenger Journeys","2019W34","2019 Week 34","-","All Luas lines","Number","862939"
"TII03C01","Passenger Journeys","2019W34","2019 Week 34","1","Red line","Number","448568"
"TII03C01","Passenger Journeys","2019W34","2019 Week 34","2","Green line","Number","414371"
"TII03C01","Passenger Journeys","2019W35","2019 Week 35","-","All Luas lines","Number","897355"
"TII03C01","Passenger Journeys","2019W35","2019 Week 35","1","Red line","Number","442634"
"TII03C01","Passenger Journeys","2019W35","2019 Week 35","2","Green line","Number","454721"
"TII03C01","Passenger Journeys","2019W36","2019 Week 36","-","All Luas lines","Number","933362"
"TII03C01","Passenger Journeys","2019W36","2019 Week 36","1","Red line","Number","454849"
"TII03C01","Passenger Journeys","2019W36","2019 Week 36","2","Green line","Number","478513"
"TII03C01","Passenger Journeys","2019W37","2019 Week 37","-","All Luas lines","Number","969818"
"TII03C01","Passenger Journeys","2019W37","2019 Week 37","1","Red line","Number","469489"
"TII03C01","Passenger Journeys","2019W37","2019 Week 37","2","Green line","Number","500329"
"TII03C01","Passenger Journeys","2019W38","2019 Week 38","-","All Luas lines","Number","990123"
"TII03C01","Passenger Journeys","2019W38","2019 Week 38","1","Red line","Number","484461"
"TII03C01","Passenger Journeys","2019W38","2019 Week 38","2","Green line","Number","505662"
"TII03C01","Passenger Journeys","2019W39","2019 Week 39","-","All Luas lines","Number","1031937"
"TII03C01","Passenger Journeys","2019W39","2019 Week 39","1","Red line","Number","515967"
"TII03C01","Passenger Journeys","2019W39","2019 Week 39","2","Green line","Number","515970"
"TII03C01","Passenger Journeys","2019W40","2019 Week 40","-","All Luas lines","Number","986159"
"TII03C01","Passenger Journeys","2019W40","2019 Week 40","1","Red line","Number","484015"
"TII03C01","Passenger Journeys","2019W40","2019 Week 40","2","Green line","Number","502144"
"TII03C01","Passenger Journeys","2019W41","2019 Week 41","-","All Luas lines","Number","1054749"
"TII03C01","Passenger Journeys","2019W41","2019 Week 41","1","Red line","Number","534986"
"TII03C01","Passenger Journeys","2019W41","2019 Week 41","2","Green line","Number","519763"
"TII03C01","Passenger Journeys","2019W42","2019 Week 42","-","All Luas lines","Number","1014017"
"TII03C01","Passenger Journeys","2019W42","2019 Week 42","1","Red line","Number","499959"
"TII03C01","Passenger Journeys","2019W42","2019 Week 42","2","Green line","Number","514057"
"TII03C01","Passenger Journeys","2019W43","2019 Week 43","-","All Luas lines","Number","1028522"
"TII03C01","Passenger Journeys","2019W43","2019 Week 43","1","Red line","Number","502241"
"TII03C01","Passenger Journeys","2019W43","2019 Week 43","2","Green line","Number","526281"
"TII03C01","Passenger Journeys","2019W44","2019 Week 44","-","All Luas lines","Number","924586"
"TII03C01","Passenger Journeys","2019W44","2019 Week 44","1","Red line","Number","471553"
"TII03C01","Passenger Journeys","2019W44","2019 Week 44","2","Green line","Number","453032"
"TII03C01","Passenger Journeys","2019W45","2019 Week 45","-","All Luas lines","Number","1019705"
"TII03C01","Passenger Journeys","2019W45","2019 Week 45","1","Red line","Number","497796"
"TII03C01","Passenger Journeys","2019W45","2019 Week 45","2","Green line","Number","521908"
"TII03C01","Passenger Journeys","2019W46","2019 Week 46","-","All Luas lines","Number","1038825"
"TII03C01","Passenger Journeys","2019W46","2019 Week 46","1","Red line","Number","514523"
"TII03C01","Passenger Journeys","2019W46","2019 Week 46","2","Green line","Number","524302"
"TII03C01","Passenger Journeys","2019W47","2019 Week 47","-","All Luas lines","Number","1062275"
"TII03C01","Passenger Journeys","2019W47","2019 Week 47","1","Red line","Number","530882"
"TII03C01","Passenger Journeys","2019W47","2019 Week 47","2","Green line","Number","531392"
"TII03C01","Passenger Journeys","2019W48","2019 Week 48","-","All Luas lines","Number","1113668"
"TII03C01","Passenger Journeys","2019W48","2019 Week 48","1","Red line","Number","544022"
"TII03C01","Passenger Journeys","2019W48","2019 Week 48","2","Green line","Number","569646"
"TII03C01","Passenger Journeys","2019W49","2019 Week 49","-","All Luas lines","Number","1080791"
"TII03C01","Passenger Journeys","2019W49","2019 Week 49","1","Red line","Number","519257"
"TII03C01","Passenger Journeys","2019W49","2019 Week 49","2","Green line","Number","561534"
"TII03C01","Passenger Journeys","2019W50","2019 Week 50","-","All Luas lines","Number","1151098"
"TII03C01","Passenger Journeys","2019W50","2019 Week 50","1","Red line","Number","556229"
"TII03C01","Passenger Journeys","2019W50","2019 Week 50","2","Green line","Number","594869"
"TII03C01","Passenger Journeys","2019W51","2019 Week 51","-","All Luas lines","Number","1173473"
"TII03C01","Passenger Journeys","2019W51","2019 Week 51","1","Red line","Number","550775"
"TII03C01","Passenger Journeys","2019W51","2019 Week 51","2","Green line","Number","622699"
"TII03C01","Passenger Journeys","2019W52","2019 Week 52","-","All Luas lines","Number","538511"
"TII03C01","Passenger Journeys","2019W52","2019 Week 52","1","Red line","Number","259211"
"TII03C01","Passenger Journeys","2019W52","2019 Week 52","2","Green line","Number","279301"
"TII03C01","Passenger Journeys","2019W53","2019 Week 53","-","All Luas lines","Number",""
"TII03C01","Passenger Journeys","2019W53","2019 Week 53","1","Red line","Number",""
"TII03C01","Passenger Journeys","2019W53","2019 Week 53","2","Green line","Number",""
"TII03C01","Passenger Journeys","2020W01","2020 Week 01","-","All Luas lines","Number","602998"
"TII03C01","Passenger Journeys","2020W01","2020 Week 01","1","Red line","Number","304607"
"TII03C01","Passenger Journeys","2020W01","2020 Week 01","2","Green line","Number","298391"
"TII03C01","Passenger Journeys","2020W02","2020 Week 02","-","All Luas lines","Number","828455"
"TII03C01","Passenger Journeys","2020W02","2020 Week 02","1","Red line","Number","401704"
"TII03C01","Passenger Journeys","2020W02","2020 Week 02","2","Green line","Number","426751"
"TII03C01","Passenger Journeys","2020W03","2020 Week 03","-","All Luas lines","Number","889804"
"TII03C01","Passenger Journeys","2020W03","2020 Week 03","1","Red line","Number","436427"
"TII03C01","Passenger Journeys","2020W03","2020 Week 03","2","Green line","Number","453378"
"TII03C01","Passenger Journeys","2020W04","2020 Week 04","-","All Luas lines","Number","904841"
"TII03C01","Passenger Journeys","2020W04","2020 Week 04","1","Red line","Number","438798"
"TII03C01","Passenger Journeys","2020W04","2020 Week 04","2","Green line","Number","466044"
"TII03C01","Passenger Journeys","2020W05","2020 Week 05","-","All Luas lines","Number","942828"
"TII03C01","Passenger Journeys","2020W05","2020 Week 05","1","Red line","Number","460495"
"TII03C01","Passenger Journeys","2020W05","2020 Week 05","2","Green line","Number","482333"
"TII03C01","Passenger Journeys","2020W06","2020 Week 06","-","All Luas lines","Number","920121"
"TII03C01","Passenger Journeys","2020W06","2020 Week 06","1","Red line","Number","460914"
"TII03C01","Passenger Journeys","2020W06","2020 Week 06","2","Green line","Number","459207"
"TII03C01","Passenger Journeys","2020W07","2020 Week 07","-","All Luas lines","Number","911461"
"TII03C01","Passenger Journeys","2020W07","2020 Week 07","1","Red line","Number","448811"
"TII03C01","Passenger Journeys","2020W07","2020 Week 07","2","Green line","Number","462651"
"TII03C01","Passenger Journeys","2020W08","2020 Week 08","-","All Luas lines","Number","923869"
"TII03C01","Passenger Journeys","2020W08","2020 Week 08","1","Red line","Number","461085"
"TII03C01","Passenger Journeys","2020W08","2020 Week 08","2","Green line","Number","462784"
"TII03C01","Passenger Journeys","2020W09","2020 Week 09","-","All Luas lines","Number","898856"
"TII03C01","Passenger Journeys","2020W09","2020 Week 09","1","Red line","Number","437082"
"TII03C01","Passenger Journeys","2020W09","2020 Week 09","2","Green line","Number","461774"
"TII03C01","Passenger Journeys","2020W10","2020 Week 10","-","All Luas lines","Number","914613"
"TII03C01","Passenger Journeys","2020W10","2020 Week 10","1","Red line","Number","472655"
"TII03C01","Passenger Journeys","2020W10","2020 Week 10","2","Green line","Number","441958"
"TII03C01","Passenger Journeys","2020W11","2020 Week 11","-","All Luas lines","Number","684508"
"TII03C01","Passenger Journeys","2020W11","2020 Week 11","1","Red line","Number","347419"
"TII03C01","Passenger Journeys","2020W11","2020 Week 11","2","Green line","Number","337090"
"TII03C01","Passenger Journeys","2020W12","2020 Week 12","-","All Luas lines","Number","172062"
"TII03C01","Passenger Journeys","2020W12","2020 Week 12","1","Red line","Number","94591"
"TII03C01","Passenger Journeys","2020W12","2020 Week 12","2","Green line","Number","77471"
"TII03C01","Passenger Journeys","2020W13","2020 Week 13","-","All Luas lines","Number","109378"
"TII03C01","Passenger Journeys","2020W13","2020 Week 13","1","Red line","Number","64188"
"TII03C01","Passenger Journeys","2020W13","2020 Week 13","2","Green line","Number","45190"
"TII03C01","Passenger Journeys","2020W14","2020 Week 14","-","All Luas lines","Number","51655"
"TII03C01","Passenger Journeys","2020W14","2020 Week 14","1","Red line","Number","30357"
"TII03C01","Passenger Journeys","2020W14","2020 Week 14","2","Green line","Number","21298"
"TII03C01","Passenger Journeys","2020W15","2020 Week 15","-","All Luas lines","Number","51695"
"TII03C01","Passenger Journeys","2020W15","2020 Week 15","1","Red line","Number","31902"
"TII03C01","Passenger Journeys","2020W15","2020 Week 15","2","Green line","Number","19793"
"TII03C01","Passenger Journeys","2020W16","2020 Week 16","-","All Luas lines","Number","49393"
"TII03C01","Passenger Journeys","2020W16","2020 Week 16","1","Red line","Number","29666"
"TII03C01","Passenger Journeys","2020W16","2020 Week 16","2","Green line","Number","19727"
"TII03C01","Passenger Journeys","2020W17","2020 Week 17","-","All Luas lines","Number","55246"
"TII03C01","Passenger Journeys","2020W17","2020 Week 17","1","Red line","Number","33589"
"TII03C01","Passenger Journeys","2020W17","2020 Week 17","2","Green line","Number","21657"
"TII03C01","Passenger Journeys","2020W18","2020 Week 18","-","All Luas lines","Number","53321"
"TII03C01","Passenger Journeys","2020W18","2020 Week 18","1","Red line","Number","30363"
"TII03C01","Passenger Journeys","2020W18","2020 Week 18","2","Green line","Number","22958"
"TII03C01","Passenger Journeys","2020W19","2020 Week 19","-","All Luas lines","Number","62327"
"TII03C01","Passenger Journeys","2020W19","2020 Week 19","1","Red line","Number","37373"
"TII03C01","Passenger Journeys","2020W19","2020 Week 19","2","Green line","Number","24953"
"TII03C01","Passenger Journeys","2020W20","2020 Week 20","-","All Luas lines","Number","70288"
"TII03C01","Passenger Journeys","2020W20","2020 Week 20","1","Red line","Number","42233"
"TII03C01","Passenger Journeys","2020W20","2020 Week 20","2","Green line","Number","28056"
"TII03C01","Passenger Journeys","2020W21","2020 Week 21","-","All Luas lines","Number","97318"
"TII03C01","Passenger Journeys","2020W21","2020 Week 21","1","Red line","Number","57828"
"TII03C01","Passenger Journeys","2020W21","2020 Week 21","2","Green line","Number","39490"
"TII03C01","Passenger Journeys","2020W22","2020 Week 22","-","All Luas lines","Number","121645"
"TII03C01","Passenger Journeys","2020W22","2020 Week 22","1","Red line","Number","70711"
"TII03C01","Passenger Journeys","2020W22","2020 Week 22","2","Green line","Number","50934"
"TII03C01","Passenger Journeys","2020W23","2020 Week 23","-","All Luas lines","Number","116454"
"TII03C01","Passenger Journeys","2020W23","2020 Week 23","1","Red line","Number","66098"
"TII03C01","Passenger Journeys","2020W23","2020 Week 23","2","Green line","Number","50356"
"TII03C01","Passenger Journeys","2020W24","2020 Week 24","-","All Luas lines","Number","162187"
"TII03C01","Passenger Journeys","2020W24","2020 Week 24","1","Red line","Number","91498"
"TII03C01","Passenger Journeys","2020W24","2020 Week 24","2","Green line","Number","70689"
"TII03C01","Passenger Journeys","2020W25","2020 Week 25","-","All Luas lines","Number","198036"
"TII03C01","Passenger Journeys","2020W25","2020 Week 25","1","Red line","Number","104738"
"TII03C01","Passenger Journeys","2020W25","2020 Week 25","2","Green line","Number","93298"
"TII03C01","Passenger Journeys","2020W26","2020 Week 26","-","All Luas lines","Number","212109"
"TII03C01","Passenger Journeys","2020W26","2020 Week 26","1","Red line","Number","111503"
"TII03C01","Passenger Journeys","2020W26","2020 Week 26","2","Green line","Number","100606"
"TII03C01","Passenger Journeys","2020W27","2020 Week 27","-","All Luas lines","Number","260302"
"TII03C01","Passenger Journeys","2020W27","2020 Week 27","1","Red line","Number","132545"
"TII03C01","Passenger Journeys","2020W27","2020 Week 27","2","Green line","Number","127756"
"TII03C01","Passenger Journeys","2020W28","2020 Week 28","-","All Luas lines","Number","272181"
"TII03C01","Passenger Journeys","2020W28","2020 Week 28","1","Red line","Number","144676"
"TII03C01","Passenger Journeys","2020W28","2020 Week 28","2","Green line","Number","127505"
"TII03C01","Passenger Journeys","2020W29","2020 Week 29","-","All Luas lines","Number","281255"
"TII03C01","Passenger Journeys","2020W29","2020 Week 29","1","Red line","Number","147109"
"TII03C01","Passenger Journeys","2020W29","2020 Week 29","2","Green line","Number","134146"
"TII03C01","Passenger Journeys","2020W30","2020 Week 30","-","All Luas lines","Number","299837"
"TII03C01","Passenger Journeys","2020W30","2020 Week 30","1","Red line","Number","153043"
"TII03C01","Passenger Journeys","2020W30","2020 Week 30","2","Green line","Number","146794"
"TII03C01","Passenger Journeys","2020W31","2020 Week 31","-","All Luas lines","Number","329979"
"TII03C01","Passenger Journeys","2020W31","2020 Week 31","1","Red line","Number","175329"
"TII03C01","Passenger Journeys","2020W31","2020 Week 31","2","Green line","Number","154650"
"TII03C01","Passenger Journeys","2020W32","2020 Week 32","-","All Luas lines","Number","324687"
"TII03C01","Passenger Journeys","2020W32","2020 Week 32","1","Red line","Number","173546"
"TII03C01","Passenger Journeys","2020W32","2020 Week 32","2","Green line","Number","151141"
"TII03C01","Passenger Journeys","2020W33","2020 Week 33","-","All Luas lines","Number","327981"
"TII03C01","Passenger Journeys","2020W33","2020 Week 33","1","Red line","Number","166560"
"TII03C01","Passenger Journeys","2020W33","2020 Week 33","2","Green line","Number","161421"
"TII03C01","Passenger Journeys","2020W34","2020 Week 34","-","All Luas lines","Number","332762"
"TII03C01","Passenger Journeys","2020W34","2020 Week 34","1","Red line","Number","176256"
"TII03C01","Passenger Journeys","2020W34","2020 Week 34","2","Green line","Number","156507"
"TII03C01","Passenger Journeys","2020W35","2020 Week 35","-","All Luas lines","Number","352046"
"TII03C01","Passenger Journeys","2020W35","2020 Week 35","1","Red line","Number","183972"
"TII03C01","Passenger Journeys","2020W35","2020 Week 35","2","Green line","Number","168074"
"TII03C01","Passenger Journeys","2020W36","2020 Week 36","-","All Luas lines","Number","364177"
"TII03C01","Passenger Journeys","2020W36","2020 Week 36","1","Red line","Number","181996"
"TII03C01","Passenger Journeys","2020W36","2020 Week 36","2","Green line","Number","182181"
"TII03C01","Passenger Journeys","2020W37","2020 Week 37","-","All Luas lines","Number","385884"
"TII03C01","Passenger Journeys","2020W37","2020 Week 37","1","Red line","Number","196461"
"TII03C01","Passenger Journeys","2020W37","2020 Week 37","2","Green line","Number","189424"
"TII03C01","Passenger Journeys","2020W38","2020 Week 38","-","All Luas lines","Number","359756"
"TII03C01","Passenger Journeys","2020W38","2020 Week 38","1","Red line","Number","183897"
"TII03C01","Passenger Journeys","2020W38","2020 Week 38","2","Green line","Number","175859"
"TII03C01","Passenger Journeys","2020W39","2020 Week 39","-","All Luas lines","Number","322384"
"TII03C01","Passenger Journeys","2020W39","2020 Week 39","1","Red line","Number","158777"
"TII03C01","Passenger Journeys","2020W39","2020 Week 39","2","Green line","Number","163607"
"TII03C01","Passenger Journeys","2020W40","2020 Week 40","-","All Luas lines","Number","334649"
"TII03C01","Passenger Journeys","2020W40","2020 Week 40","1","Red line","Number","167616"
"TII03C01","Passenger Journeys","2020W40","2020 Week 40","2","Green line","Number","167033"
"TII03C01","Passenger Journeys","2020W41","2020 Week 41","-","All Luas lines","Number","350028"
"TII03C01","Passenger Journeys","2020W41","2020 Week 41","1","Red line","Number","174748"
"TII03C01","Passenger Journeys","2020W41","2020 Week 41","2","Green line","Number","175280"
"TII03C01","Passenger Journeys","2020W42","2020 Week 42","-","All Luas lines","Number","338183"
"TII03C01","Passenger Journeys","2020W42","2020 Week 42","1","Red line","Number","164088"
"TII03C01","Passenger Journeys","2020W42","2020 Week 42","2","Green line","Number","174095"
"TII03C01","Passenger Journeys","2020W43","2020 Week 43","-","All Luas lines","Number","283638"
"TII03C01","Passenger Journeys","2020W43","2020 Week 43","1","Red line","Number","145295"
"TII03C01","Passenger Journeys","2020W43","2020 Week 43","2","Green line","Number","138343"
"TII03C01","Passenger Journeys","2020W44","2020 Week 44","-","All Luas lines","Number","186287"
"TII03C01","Passenger Journeys","2020W44","2020 Week 44","1","Red line","Number","102521"
"TII03C01","Passenger Journeys","2020W44","2020 Week 44","2","Green line","Number","83766"
"TII03C01","Passenger Journeys","2020W45","2020 Week 45","-","All Luas lines","Number","227605"
"TII03C01","Passenger Journeys","2020W45","2020 Week 45","1","Red line","Number","118170"
"TII03C01","Passenger Journeys","2020W45","2020 Week 45","2","Green line","Number","109435"
"TII03C01","Passenger Journeys","2020W46","2020 Week 46","-","All Luas lines","Number","237979"
"TII03C01","Passenger Journeys","2020W46","2020 Week 46","1","Red line","Number","124527"
"TII03C01","Passenger Journeys","2020W46","2020 Week 46","2","Green line","Number","113452"
"TII03C01","Passenger Journeys","2020W47","2020 Week 47","-","All Luas lines","Number","244276"
"TII03C01","Passenger Journeys","2020W47","2020 Week 47","1","Red line","Number","129443"
"TII03C01","Passenger Journeys","2020W47","2020 Week 47","2","Green line","Number","114833"
"TII03C01","Passenger Journeys","2020W48","2020 Week 48","-","All Luas lines","Number","259772"
"TII03C01","Passenger Journeys","2020W48","2020 Week 48","1","Red line","Number","133829"
"TII03C01","Passenger Journeys","2020W48","2020 Week 48","2","Green line","Number","125944"
"TII03C01","Passenger Journeys","2020W49","2020 Week 49","-","All Luas lines","Number","394613"
"TII03C01","Passenger Journeys","2020W49","2020 Week 49","1","Red line","Number","195204"
"TII03C01","Passenger Journeys","2020W49","2020 Week 49","2","Green line","Number","199409"
"TII03C01","Passenger Journeys","2020W50","2020 Week 50","-","All Luas lines","Number","443719"
"TII03C01","Passenger Journeys","2020W50","2020 Week 50","1","Red line","Number","214437"
"TII03C01","Passenger Journeys","2020W50","2020 Week 50","2","Green line","Number","229282"
"TII03C01","Passenger Journeys","2020W51","2020 Week 51","-","All Luas lines","Number","460029"
"TII03C01","Passenger Journeys","2020W51","2020 Week 51","1","Red line","Number","223291"
"TII03C01","Passenger Journeys","2020W51","2020 Week 51","2","Green line","Number","236739"
"TII03C01","Passenger Journeys","2020W52","2020 Week 52","-","All Luas lines","Number","276844"
"TII03C01","Passenger Journeys","2020W52","2020 Week 52","1","Red line","Number","135020"
"TII03C01","Passenger Journeys","2020W52","2020 Week 52","2","Green line","Number","141825"
"TII03C01","Passenger Journeys","2020W53","2020 Week 53","-","All Luas lines","Number","141651"
"TII03C01","Passenger Journeys","2020W53","2020 Week 53","1","Red line","Number","71440"
"TII03C01","Passenger Journeys","2020W53","2020 Week 53","2","Green line","Number","70211"
"TII03C01","Passenger Journeys","2021W01","2021 Week 01","-","All Luas lines","Number","154882"
"TII03C01","Passenger Journeys","2021W01","2021 Week 01","1","Red line","Number","86518"
"TII03C01","Passenger Journeys","2021W01","2021 Week 01","2","Green line","Number","68364"
"TII03C01","Passenger Journeys","2021W02","2021 Week 02","-","All Luas lines","Number","147908"
"TII03C01","Passenger Journeys","2021W02","2021 Week 02","1","Red line","Number","83202"
"TII03C01","Passenger Journeys","2021W02","2021 Week 02","2","Green line","Number","64705"
"TII03C01","Passenger Journeys","2021W03","2021 Week 03","-","All Luas lines","Number","150280"
"TII03C01","Passenger Journeys","2021W03","2021 Week 03","1","Red line","Number","84576"
"TII03C01","Passenger Journeys","2021W03","2021 Week 03","2","Green line","Number","65704"
"TII03C01","Passenger Journeys","2021W04","2021 Week 04","-","All Luas lines","Number","148633"
"TII03C01","Passenger Journeys","2021W04","2021 Week 04","1","Red line","Number","84355"
"TII03C01","Passenger Journeys","2021W04","2021 Week 04","2","Green line","Number","64278"
"TII03C01","Passenger Journeys","2021W05","2021 Week 05","-","All Luas lines","Number","156469"
"TII03C01","Passenger Journeys","2021W05","2021 Week 05","1","Red line","Number","87285"
"TII03C01","Passenger Journeys","2021W05","2021 Week 05","2","Green line","Number","69184"
"TII03C01","Passenger Journeys","2021W06","2021 Week 06","-","All Luas lines","Number","154595"
"TII03C01","Passenger Journeys","2021W06","2021 Week 06","1","Red line","Number","86266"
"TII03C01","Passenger Journeys","2021W06","2021 Week 06","2","Green line","Number","68329"
"TII03C01","Passenger Journeys","2021W07","2021 Week 07","-","All Luas lines","Number","158958"
"TII03C01","Passenger Journeys","2021W07","2021 Week 07","1","Red line","Number","85601"
"TII03C01","Passenger Journeys","2021W07","2021 Week 07","2","Green line","Number","73357"
"TII03C01","Passenger Journeys","2021W08","2021 Week 08","-","All Luas lines","Number","173458"
"TII03C01","Passenger Journeys","2021W08","2021 Week 08","1","Red line","Number","95896"
"TII03C01","Passenger Journeys","2021W08","2021 Week 08","2","Green line","Number","77563"
"TII03C01","Passenger Journeys","2021W09","2021 Week 09","-","All Luas lines","Number","182546"
"TII03C01","Passenger Journeys","2021W09","2021 Week 09","1","Red line","Number","99907"
"TII03C01","Passenger Journeys","2021W09","2021 Week 09","2","Green line","Number","82639"
"TII03C01","Passenger Journeys","2021W10","2021 Week 10","-","All Luas lines","Number","182343"
"TII03C01","Passenger Journeys","2021W10","2021 Week 10","1","Red line","Number","100098"
"TII03C01","Passenger Journeys","2021W10","2021 Week 10","2","Green line","Number","82245"
"TII03C01","Passenger Journeys","2021W11","2021 Week 11","-","All Luas lines","Number","184592"
"TII03C01","Passenger Journeys","2021W11","2021 Week 11","1","Red line","Number","97816"
"TII03C01","Passenger Journeys","2021W11","2021 Week 11","2","Green line","Number","86775"
"TII03C01","Passenger Journeys","2021W12","2021 Week 12","-","All Luas lines","Number","194458"
"TII03C01","Passenger Journeys","2021W12","2021 Week 12","1","Red line","Number","103504"
"TII03C01","Passenger Journeys","2021W12","2021 Week 12","2","Green line","Number","90954"
"TII03C01","Passenger Journeys","2021W13","2021 Week 13","-","All Luas lines","Number","193222"
"TII03C01","Passenger Journeys","2021W13","2021 Week 13","1","Red line","Number","104351"
"TII03C01","Passenger Journeys","2021W13","2021 Week 13","2","Green line","Number","88872"
"TII03C01","Passenger Journeys","2021W14","2021 Week 14","-","All Luas lines","Number","175429"
"TII03C01","Passenger Journeys","2021W14","2021 Week 14","1","Red line","Number","94942"
"TII03C01","Passenger Journeys","2021W14","2021 Week 14","2","Green line","Number","80488"
"TII03C01","Passenger Journeys","2021W15","2021 Week 15","-","All Luas lines","Number","232495"
"TII03C01","Passenger Journeys","2021W15","2021 Week 15","1","Red line","Number","118595"
"TII03C01","Passenger Journeys","2021W15","2021 Week 15","2","Green line","Number","113900"
"TII03C01","Passenger Journeys","2021W16","2021 Week 16","-","All Luas lines","Number","240221"
"TII03C01","Passenger Journeys","2021W16","2021 Week 16","1","Red line","Number","126802"
"TII03C01","Passenger Journeys","2021W16","2021 Week 16","2","Green line","Number","113419"
"TII03C01","Passenger Journeys","2021W17","2021 Week 17","-","All Luas lines","Number","237120"
"TII03C01","Passenger Journeys","2021W17","2021 Week 17","1","Red line","Number","125669"
"TII03C01","Passenger Journeys","2021W17","2021 Week 17","2","Green line","Number","111451"
"TII03C01","Passenger Journeys","2021W18","2021 Week 18","-","All Luas lines","Number","216926"
"TII03C01","Passenger Journeys","2021W18","2021 Week 18","1","Red line","Number","112233"
"TII03C01","Passenger Journeys","2021W18","2021 Week 18","2","Green line","Number","104694"
"TII03C01","Passenger Journeys","2021W19","2021 Week 19","-","All Luas lines","Number","304059"
"TII03C01","Passenger Journeys","2021W19","2021 Week 19","1","Red line","Number","157788"
"TII03C01","Passenger Journeys","2021W19","2021 Week 19","2","Green line","Number","146271"
"TII03C01","Passenger Journeys","2021W20","2021 Week 20","-","All Luas lines","Number","356075"
"TII03C01","Passenger Journeys","2021W20","2021 Week 20","1","Red line","Number","181324"
"TII03C01","Passenger Journeys","2021W20","2021 Week 20","2","Green line","Number","174751"
"TII03C01","Passenger Journeys","2021W21","2021 Week 21","-","All Luas lines","Number","388279"
"TII03C01","Passenger Journeys","2021W21","2021 Week 21","1","Red line","Number","202202"
"TII03C01","Passenger Journeys","2021W21","2021 Week 21","2","Green line","Number","186077"
"TII03C01","Passenger Journeys","2021W22","2021 Week 22","-","All Luas lines","Number","381468"
"TII03C01","Passenger Journeys","2021W22","2021 Week 22","1","Red line","Number","210560"
"TII03C01","Passenger Journeys","2021W22","2021 Week 22","2","Green line","Number","170908"
"TII03C01","Passenger Journeys","2021W23","2021 Week 23","-","All Luas lines","Number","376282"
"TII03C01","Passenger Journeys","2021W23","2021 Week 23","1","Red line","Number","196288"
"TII03C01","Passenger Journeys","2021W23","2021 Week 23","2","Green line","Number","179995"
"TII03C01","Passenger Journeys","2021W24","2021 Week 24","-","All Luas lines","Number","414980"
"TII03C01","Passenger Journeys","2021W24","2021 Week 24","1","Red line","Number","219396"
"TII03C01","Passenger Journeys","2021W24","2021 Week 24","2","Green line","Number","195584"
"TII03C01","Passenger Journeys","2021W25","2021 Week 25","-","All Luas lines","Number","413187"
"TII03C01","Passenger Journeys","2021W25","2021 Week 25","1","Red line","Number","218088"
"TII03C01","Passenger Journeys","2021W25","2021 Week 25","2","Green line","Number","195099"
"TII03C01","Passenger Journeys","2021W26","2021 Week 26","-","All Luas lines","Number","408603"
"TII03C01","Passenger Journeys","2021W26","2021 Week 26","1","Red line","Number","218863"
"TII03C01","Passenger Journeys","2021W26","2021 Week 26","2","Green line","Number","189741"
"TII03C01","Passenger Journeys","2021W27","2021 Week 27","-","All Luas lines","Number","403259"
"TII03C01","Passenger Journeys","2021W27","2021 Week 27","1","Red line","Number","216285"
"TII03C01","Passenger Journeys","2021W27","2021 Week 27","2","Green line","Number","186974"
"TII03C01","Passenger Journeys","2021W28","2021 Week 28","-","All Luas lines","Number","417819"
"TII03C01","Passenger Journeys","2021W28","2021 Week 28","1","Red line","Number","225848"
"TII03C01","Passenger Journeys","2021W28","2021 Week 28","2","Green line","Number","191971"
"TII03C01","Passenger Journeys","2021W29","2021 Week 29","-","All Luas lines","Number","416359"
"TII03C01","Passenger Journeys","2021W29","2021 Week 29","1","Red line","Number","228641"
"TII03C01","Passenger Journeys","2021W29","2021 Week 29","2","Green line","Number","187718"
"TII03C01","Passenger Journeys","2021W30","2021 Week 30","-","All Luas lines","Number","391588"
"TII03C01","Passenger Journeys","2021W30","2021 Week 30","1","Red line","Number","201734"
"TII03C01","Passenger Journeys","2021W30","2021 Week 30","2","Green line","Number","189854"
"TII03C01","Passenger Journeys","2021W31","2021 Week 31","-","All Luas lines","Number","386208"
"TII03C01","Passenger Journeys","2021W31","2021 Week 31","1","Red line","Number","203388"
"TII03C01","Passenger Journeys","2021W31","2021 Week 31","2","Green line","Number","182820"
"TII03C01","Passenger Journeys","2021W32","2021 Week 32","-","All Luas lines","Number","430283"
"TII03C01","Passenger Journeys","2021W32","2021 Week 32","1","Red line","Number","231872"
"TII03C01","Passenger Journeys","2021W32","2021 Week 32","2","Green line","Number","198411"
"TII03C01","Passenger Journeys","2021W33","2021 Week 33","-","All Luas lines","Number","441304"
"TII03C01","Passenger Journeys","2021W33","2021 Week 33","1","Red line","Number","235705"
"TII03C01","Passenger Journeys","2021W33","2021 Week 33","2","Green line","Number","205599"
"TII03C01","Passenger Journeys","2021W34","2021 Week 34","-","All Luas lines","Number","462372"
"TII03C01","Passenger Journeys","2021W34","2021 Week 34","1","Red line","Number","239564"
"TII03C01","Passenger Journeys","2021W34","2021 Week 34","2","Green line","Number","222808"
"TII03C01","Passenger Journeys","2021W35","2021 Week 35","-","All Luas lines","Number","456687"
"TII03C01","Passenger Journeys","2021W35","2021 Week 35","1","Red line","Number","230456"
"TII03C01","Passenger Journeys","2021W35","2021 Week 35","2","Green line","Number","226231"
"TII03C01","Passenger Journeys","2021W36","2021 Week 36","-","All Luas lines","Number","490349"
"TII03C01","Passenger Journeys","2021W36","2021 Week 36","1","Red line","Number","245380"
"TII03C01","Passenger Journeys","2021W36","2021 Week 36","2","Green line","Number","244968"
"TII03C01","Passenger Journeys","2021W37","2021 Week 37","-","All Luas lines","Number","505786"
"TII03C01","Passenger Journeys","2021W37","2021 Week 37","1","Red line","Number","249168"
"TII03C01","Passenger Journeys","2021W37","2021 Week 37","2","Green line","Number","256618"
"TII03C01","Passenger Journeys","2021W38","2021 Week 38","-","All Luas lines","Number","552233"
"TII03C01","Passenger Journeys","2021W38","2021 Week 38","1","Red line","Number","268040"
"TII03C01","Passenger Journeys","2021W38","2021 Week 38","2","Green line","Number","284193"
"TII03C01","Passenger Journeys","2021W39","2021 Week 39","-","All Luas lines","Number","551254"
"TII03C01","Passenger Journeys","2021W39","2021 Week 39","1","Red line","Number","270932"
"TII03C01","Passenger Journeys","2021W39","2021 Week 39","2","Green line","Number","280322"
"TII03C01","Passenger Journeys","2021W40","2021 Week 40","-","All Luas lines","Number","592664"
"TII03C01","Passenger Journeys","2021W40","2021 Week 40","1","Red line","Number","290380"
"TII03C01","Passenger Journeys","2021W40","2021 Week 40","2","Green line","Number","302283"
"TII03C01","Passenger Journeys","2021W41","2021 Week 41","-","All Luas lines","Number","575688"
"TII03C01","Passenger Journeys","2021W41","2021 Week 41","1","Red line","Number","262502"
"TII03C01","Passenger Journeys","2021W41","2021 Week 41","2","Green line","Number","313186"
"TII03C01","Passenger Journeys","2021W42","2021 Week 42","-","All Luas lines","Number","606775"
"TII03C01","Passenger Journeys","2021W42","2021 Week 42","1","Red line","Number","301424"
"TII03C01","Passenger Journeys","2021W42","2021 Week 42","2","Green line","Number","305350"
"TII03C01","Passenger Journeys","2021W43","2021 Week 43","-","All Luas lines","Number","546048"
"TII03C01","Passenger Journeys","2021W43","2021 Week 43","1","Red line","Number","279174"
"TII03C01","Passenger Journeys","2021W43","2021 Week 43","2","Green line","Number","266874"
"TII03C01","Passenger Journeys","2021W44","2021 Week 44","-","All Luas lines","Number","616810"
"TII03C01","Passenger Journeys","2021W44","2021 Week 44","1","Red line","Number","308166"
"TII03C01","Passenger Journeys","2021W44","2021 Week 44","2","Green line","Number","308644"
"TII03C01","Passenger Journeys","2021W45","2021 Week 45","-","All Luas lines","Number","630247"
"TII03C01","Passenger Journeys","2021W45","2021 Week 45","1","Red line","Number","310262"
"TII03C01","Passenger Journeys","2021W45","2021 Week 45","2","Green line","Number","319985"
"TII03C01","Passenger Journeys","2021W46","2021 Week 46","-","All Luas lines","Number","617761"
"TII03C01","Passenger Journeys","2021W46","2021 Week 46","1","Red line","Number","306977"
"TII03C01","Passenger Journeys","2021W46","2021 Week 46","2","Green line","Number","310783"
"TII03C01","Passenger Journeys","2021W47","2021 Week 47","-","All Luas lines","Number","613392"
"TII03C01","Passenger Journeys","2021W47","2021 Week 47","1","Red line","Number","309178"
"TII03C01","Passenger Journeys","2021W47","2021 Week 47","2","Green line","Number","304214"
"TII03C01","Passenger Journeys","2021W48","2021 Week 48","-","All Luas lines","Number","597259"
"TII03C01","Passenger Journeys","2021W48","2021 Week 48","1","Red line","Number","300053"
"TII03C01","Passenger Journeys","2021W48","2021 Week 48","2","Green line","Number","297205"
"TII03C01","Passenger Journeys","2021W49","2021 Week 49","-","All Luas lines","Number","550174"
"TII03C01","Passenger Journeys","2021W49","2021 Week 49","1","Red line","Number","281430"
"TII03C01","Passenger Journeys","2021W49","2021 Week 49","2","Green line","Number","268744"
"TII03C01","Passenger Journeys","2021W50","2021 Week 50","-","All Luas lines","Number","649573"
"TII03C01","Passenger Journeys","2021W50","2021 Week 50","1","Red line","Number","327777"
"TII03C01","Passenger Journeys","2021W50","2021 Week 50","2","Green line","Number","321796"
"TII03C01","Passenger Journeys","2021W51","2021 Week 51","-","All Luas lines","Number","403994"
"TII03C01","Passenger Journeys","2021W51","2021 Week 51","1","Red line","Number","202322"
"TII03C01","Passenger Journeys","2021W51","2021 Week 51","2","Green line","Number","201673"
"TII03C01","Passenger Journeys","2021W52","2021 Week 52","-","All Luas lines","Number","278203"
"TII03C01","Passenger Journeys","2021W52","2021 Week 52","1","Red line","Number","148925"
"TII03C01","Passenger Journeys","2021W52","2021 Week 52","2","Green line","Number","129279"
"TII03C01","Passenger Journeys","2021W53","2021 Week 53","-","All Luas lines","Number",""
"TII03C01","Passenger Journeys","2021W53","2021 Week 53","1","Red line","Number",""
"TII03C01","Passenger Journeys","2021W53","2021 Week 53","2","Green line","Number",""
"TII03C01","Passenger Journeys","2022W01","2022 Week 01","-","All Luas lines","Number","345593"
"TII03C01","Passenger Journeys","2022W01","2022 Week 01","1","Red line","Number","184047"
"TII03C01","Passenger Journeys","2022W01","2022 Week 01","2","Green line","Number","161546"
"TII03C01","Passenger Journeys","2022W02","2022 Week 02","-","All Luas lines","Number","433914"
"TII03C01","Passenger Journeys","2022W02","2022 Week 02","1","Red line","Number","225426"
"TII03C01","Passenger Journeys","2022W02","2022 Week 02","2","Green line","Number","208488"
"TII03C01","Passenger Journeys","2022W03","2022 Week 03","-","All Luas lines","Number","462831"
"TII03C01","Passenger Journeys","2022W03","2022 Week 03","1","Red line","Number","241094"
"TII03C01","Passenger Journeys","2022W03","2022 Week 03","2","Green line","Number","221737"
"TII03C01","Passenger Journeys","2022W04","2022 Week 04","-","All Luas lines","Number","537929"
"TII03C01","Passenger Journeys","2022W04","2022 Week 04","1","Red line","Number","274293"
"TII03C01","Passenger Journeys","2022W04","2022 Week 04","2","Green line","Number","263636"
"TII03C01","Passenger Journeys","2022W05","2022 Week 05","-","All Luas lines","Number","571873"
"TII03C01","Passenger Journeys","2022W05","2022 Week 05","1","Red line","Number","293209"
"TII03C01","Passenger Journeys","2022W05","2022 Week 05","2","Green line","Number","278664"
"TII03C01","Passenger Journeys","2022W06","2022 Week 06","-","All Luas lines","Number","586898"
"TII03C01","Passenger Journeys","2022W06","2022 Week 06","1","Red line","Number","298548"
"TII03C01","Passenger Journeys","2022W06","2022 Week 06","2","Green line","Number","288350"
"TII03C01","Passenger Journeys","2022W07","2022 Week 07","-","All Luas lines","Number","579835"
"TII03C01","Passenger Journeys","2022W07","2022 Week 07","1","Red line","Number","295635"
"TII03C01","Passenger Journeys","2022W07","2022 Week 07","2","Green line","Number","284200"
"TII03C01","Passenger Journeys","2022W08","2022 Week 08","-","All Luas lines","Number","577293"
"TII03C01","Passenger Journeys","2022W08","2022 Week 08","1","Red line","Number","302427"
"TII03C01","Passenger Journeys","2022W08","2022 Week 08","2","Green line","Number","274866"
"TII03C01","Passenger Journeys","2022W09","2022 Week 09","-","All Luas lines","Number","607075"
"TII03C01","Passenger Journeys","2022W09","2022 Week 09","1","Red line","Number","319517"
"TII03C01","Passenger Journeys","2022W09","2022 Week 09","2","Green line","Number","287557"
"TII03C01","Passenger Journeys","2022W10","2022 Week 10","-","All Luas lines","Number","590952"
"TII03C01","Passenger Journeys","2022W10","2022 Week 10","1","Red line","Number","316221"
"TII03C01","Passenger Journeys","2022W10","2022 Week 10","2","Green line","Number","274731"
"TII03C01","Passenger Journeys","2022W11","2022 Week 11","-","All Luas lines","Number","576609"
"TII03C01","Passenger Journeys","2022W11","2022 Week 11","1","Red line","Number","314256"
"TII03C01","Passenger Journeys","2022W11","2022 Week 11","2","Green line","Number","262354"
"TII03C01","Passenger Journeys","2022W12","2022 Week 12","-","All Luas lines","Number","603392"
"TII03C01","Passenger Journeys","2022W12","2022 Week 12","1","Red line","Number","310281"
"TII03C01","Passenger Journeys","2022W12","2022 Week 12","2","Green line","Number","293111"
"TII03C01","Passenger Journeys","2022W13","2022 Week 13","-","All Luas lines","Number","632821"
"TII03C01","Passenger Journeys","2022W13","2022 Week 13","1","Red line","Number","337105"
"TII03C01","Passenger Journeys","2022W13","2022 Week 13","2","Green line","Number","295716"
"TII03C01","Passenger Journeys","2022W14","2022 Week 14","-","All Luas lines","Number","640207"
"TII03C01","Passenger Journeys","2022W14","2022 Week 14","1","Red line","Number","333218"
"TII03C01","Passenger Journeys","2022W14","2022 Week 14","2","Green line","Number","306988"
"TII03C01","Passenger Journeys","2022W15","2022 Week 15","-","All Luas lines","Number","619031"
"TII03C01","Passenger Journeys","2022W15","2022 Week 15","1","Red line","Number","345061"
"TII03C01","Passenger Journeys","2022W15","2022 Week 15","2","Green line","Number","273971"
"TII03C01","Passenger Journeys","2022W16","2022 Week 16","-","All Luas lines","Number","617520"
"TII03C01","Passenger Journeys","2022W16","2022 Week 16","1","Red line","Number","340040"
"TII03C01","Passenger Journeys","2022W16","2022 Week 16","2","Green line","Number","277480"
"TII03C01","Passenger Journeys","2022W17","2022 Week 17","-","All Luas lines","Number","642988"
"TII03C01","Passenger Journeys","2022W17","2022 Week 17","1","Red line","Number","326313"
"TII03C01","Passenger Journeys","2022W17","2022 Week 17","2","Green line","Number","316675"
"TII03C01","Passenger Journeys","2022W18","2022 Week 18","-","All Luas lines","Number","650527"
"TII03C01","Passenger Journeys","2022W18","2022 Week 18","1","Red line","Number","336415"
"TII03C01","Passenger Journeys","2022W18","2022 Week 18","2","Green line","Number","314112"
"TII03C01","Passenger Journeys","2022W19","2022 Week 19","-","All Luas lines","Number","701703"
"TII03C01","Passenger Journeys","2022W19","2022 Week 19","1","Red line","Number","367620"
"TII03C01","Passenger Journeys","2022W19","2022 Week 19","2","Green line","Number","334083"
"TII03C01","Passenger Journeys","2022W20","2022 Week 20","-","All Luas lines","Number","702050"
"TII03C01","Passenger Journeys","2022W20","2022 Week 20","1","Red line","Number","364591"
"TII03C01","Passenger Journeys","2022W20","2022 Week 20","2","Green line","Number","337459"
"TII03C01","Passenger Journeys","2022W21","2022 Week 21","-","All Luas lines","Number","736455"
"TII03C01","Passenger Journeys","2022W21","2022 Week 21","1","Red line","Number","400252"
"TII03C01","Passenger Journeys","2022W21","2022 Week 21","2","Green line","Number","336203"
"TII03C01","Passenger Journeys","2022W22","2022 Week 22","-","All Luas lines","Number","748966"
"TII03C01","Passenger Journeys","2022W22","2022 Week 22","1","Red line","Number","414633"
"TII03C01","Passenger Journeys","2022W22","2022 Week 22","2","Green line","Number","334333"
"TII03C01","Passenger Journeys","2022W23","2022 Week 23","-","All Luas lines","Number","654577"
"TII03C01","Passenger Journeys","2022W23","2022 Week 23","1","Red line","Number","351030"
"TII03C01","Passenger Journeys","2022W23","2022 Week 23","2","Green line","Number","303546"
"TII03C01","Passenger Journeys","2022W24","2022 Week 24","-","All Luas lines","Number","746758"
"TII03C01","Passenger Journeys","2022W24","2022 Week 24","1","Red line","Number","403216"
"TII03C01","Passenger Journeys","2022W24","2022 Week 24","2","Green line","Number","343542"
"TII03C01","Passenger Journeys","2022W25","2022 Week 25","-","All Luas lines","Number","768947"
"TII03C01","Passenger Journeys","2022W25","2022 Week 25","1","Red line","Number","425115"
"TII03C01","Passenger Journeys","2022W25","2022 Week 25","2","Green line","Number","343832"
"TII03C01","Passenger Journeys","2022W26","2022 Week 26","-","All Luas lines","Number","779963"
"TII03C01","Passenger Journeys","2022W26","2022 Week 26","1","Red line","Number","401680"
"TII03C01","Passenger Journeys","2022W26","2022 Week 26","2","Green line","Number","378283"
"TII03C01","Passenger Journeys","2022W27","2022 Week 27","-","All Luas lines","Number","761521"
"TII03C01","Passenger Journeys","2022W27","2022 Week 27","1","Red line","Number","402776"
"TII03C01","Passenger Journeys","2022W27","2022 Week 27","2","Green line","Number","358745"
"TII03C01","Passenger Journeys","2022W28","2022 Week 28","-","All Luas lines","Number","739605"
"TII03C01","Passenger Journeys","2022W28","2022 Week 28","1","Red line","Number","384792"
"TII03C01","Passenger Journeys","2022W28","2022 Week 28","2","Green line","Number","354813"
"TII03C01","Passenger Journeys","2022W29","2022 Week 29","-","All Luas lines","Number","739584"
"TII03C01","Passenger Journeys","2022W29","2022 Week 29","1","Red line","Number","386315"
"TII03C01","Passenger Journeys","2022W29","2022 Week 29","2","Green line","Number","353269"
"TII03C01","Passenger Journeys","2022W30","2022 Week 30","-","All Luas lines","Number","723458"
"TII03C01","Passenger Journeys","2022W30","2022 Week 30","1","Red line","Number","381066"
"TII03C01","Passenger Journeys","2022W30","2022 Week 30","2","Green line","Number","342392"
"TII03C01","Passenger Journeys","2022W31","2022 Week 31","-","All Luas lines","Number","689408"
"TII03C01","Passenger Journeys","2022W31","2022 Week 31","1","Red line","Number","370788"
"TII03C01","Passenger Journeys","2022W31","2022 Week 31","2","Green line","Number","318620"
"TII03C01","Passenger Journeys","2022W32","2022 Week 32","-","All Luas lines","Number","716924"
"TII03C01","Passenger Journeys","2022W32","2022 Week 32","1","Red line","Number","385414"
"TII03C01","Passenger Journeys","2022W32","2022 Week 32","2","Green line","Number","331511"
"TII03C01","Passenger Journeys","2022W33","2022 Week 33","-","All Luas lines","Number","742734"
"TII03C01","Passenger Journeys","2022W33","2022 Week 33","1","Red line","Number","394475"
"TII03C01","Passenger Journeys","2022W33","2022 Week 33","2","Green line","Number","348259"
"TII03C01","Passenger Journeys","2022W34","2022 Week 34","-","All Luas lines","Number","778106"
"TII03C01","Passenger Journeys","2022W34","2022 Week 34","1","Red line","Number","407670"
"TII03C01","Passenger Journeys","2022W34","2022 Week 34","2","Green line","Number","370436"
"TII03C01","Passenger Journeys","2022W35","2022 Week 35","-","All Luas lines","Number","749341"
"TII03C01","Passenger Journeys","2022W35","2022 Week 35","1","Red line","Number","394870"
"TII03C01","Passenger Journeys","2022W35","2022 Week 35","2","Green line","Number","354471"
"TII03C01","Passenger Journeys","2022W36","2022 Week 36","-","All Luas lines","Number","839027"
"TII03C01","Passenger Journeys","2022W36","2022 Week 36","1","Red line","Number","441116"
"TII03C01","Passenger Journeys","2022W36","2022 Week 36","2","Green line","Number","397912"
"TII03C01","Passenger Journeys","2022W37","2022 Week 37","-","All Luas lines","Number","890854"
"TII03C01","Passenger Journeys","2022W37","2022 Week 37","1","Red line","Number","464639"
"TII03C01","Passenger Journeys","2022W37","2022 Week 37","2","Green line","Number","426215"
"TII03C01","Passenger Journeys","2022W38","2022 Week 38","-","All Luas lines","Number","915330"
"TII03C01","Passenger Journeys","2022W38","2022 Week 38","1","Red line","Number","468498"
"TII03C01","Passenger Journeys","2022W38","2022 Week 38","2","Green line","Number","446831"
"TII03C01","Passenger Journeys","2022W39","2022 Week 39","-","All Luas lines","Number","966770"
"TII03C01","Passenger Journeys","2022W39","2022 Week 39","1","Red line","Number","495114"
"TII03C01","Passenger Journeys","2022W39","2022 Week 39","2","Green line","Number","471656"
"TII03C01","Passenger Journeys","2022W40","2022 Week 40","-","All Luas lines","Number","976883"
"TII03C01","Passenger Journeys","2022W40","2022 Week 40","1","Red line","Number","499121"
"TII03C01","Passenger Journeys","2022W40","2022 Week 40","2","Green line","Number","477762"
"TII03C01","Passenger Journeys","2022W41","2022 Week 41","-","All Luas lines","Number","973313"
"TII03C01","Passenger Journeys","2022W41","2022 Week 41","1","Red line","Number","490773"
"TII03C01","Passenger Journeys","2022W41","2022 Week 41","2","Green line","Number","482540"
"TII03C01","Passenger Journeys","2022W42","2022 Week 42","-","All Luas lines","Number","988465"
"TII03C01","Passenger Journeys","2022W42","2022 Week 42","1","Red line","Number","507315"
"TII03C01","Passenger Journeys","2022W42","2022 Week 42","2","Green line","Number","481150"
"TII03C01","Passenger Journeys","2022W43","2022 Week 43","-","All Luas lines","Number","1024107"
"TII03C01","Passenger Journeys","2022W43","2022 Week 43","1","Red line","Number","527175"
"TII03C01","Passenger Journeys","2022W43","2022 Week 43","2","Green line","Number","496932"
"TII03C01","Passenger Journeys","2022W44","2022 Week 44","-","All Luas lines","Number","892530"
"TII03C01","Passenger Journeys","2022W44","2022 Week 44","1","Red line","Number","472903"
"TII03C01","Passenger Journeys","2022W44","2022 Week 44","2","Green line","Number","419627"
"TII03C01","Passenger Journeys","2022W45","2022 Week 45","-","All Luas lines","Number","1027304"
"TII03C01","Passenger Journeys","2022W45","2022 Week 45","1","Red line","Number","530589"
"TII03C01","Passenger Journeys","2022W45","2022 Week 45","2","Green line","Number","496715"
"TII03C01","Passenger Journeys","2022W46","2022 Week 46","-","All Luas lines","Number","1036079"
"TII03C01","Passenger Journeys","2022W46","2022 Week 46","1","Red line","Number","535652"
"TII03C01","Passenger Journeys","2022W46","2022 Week 46","2","Green line","Number","500427"
"TII03C01","Passenger Journeys","2022W47","2022 Week 47","-","All Luas lines","Number","1039314"
"TII03C01","Passenger Journeys","2022W47","2022 Week 47","1","Red line","Number","535559"
"TII03C01","Passenger Journeys","2022W47","2022 Week 47","2","Green line","Number","503755"
"TII03C01","Passenger Journeys","2022W48","2022 Week 48","-","All Luas lines","Number","1038722"
"TII03C01","Passenger Journeys","2022W48","2022 Week 48","1","Red line","Number","547010"
"TII03C01","Passenger Journeys","2022W48","2022 Week 48","2","Green line","Number","491713"
"TII03C01","Passenger Journeys","2022W49","2022 Week 49","-","All Luas lines","Number","1035628"
"TII03C01","Passenger Journeys","2022W49","2022 Week 49","1","Red line","Number","537455"
"TII03C01","Passenger Journeys","2022W49","2022 Week 49","2","Green line","Number","498173"
"TII03C01","Passenger Journeys","2022W50","2022 Week 50","-","All Luas lines","Number","1060205"
"TII03C01","Passenger Journeys","2022W50","2022 Week 50","1","Red line","Number","526929"
"TII03C01","Passenger Journeys","2022W50","2022 Week 50","2","Green line","Number","533275"
"TII03C01","Passenger Journeys","2022W51","2022 Week 51","-","All Luas lines","Number","832231"
"TII03C01","Passenger Journeys","2022W51","2022 Week 51","1","Red line","Number","420463"
"TII03C01","Passenger Journeys","2022W51","2022 Week 51","2","Green line","Number","411768"
"TII03C01","Passenger Journeys","2022W52","2022 Week 52","-","All Luas lines","Number","560483"
"TII03C01","Passenger Journeys","2022W52","2022 Week 52","1","Red line","Number","289972"
"TII03C01","Passenger Journeys","2022W52","2022 Week 52","2","Green line","Number","270512"
"TII03C01","Passenger Journeys","2022W53","2022 Week 53","-","All Luas lines","Number",""
"TII03C01","Passenger Journeys","2022W53","2022 Week 53","1","Red line","Number",""
"TII03C01","Passenger Journeys","2022W53","2022 Week 53","2","Green line","Number",""
"TII03C01","Passenger Journeys","2023W01","2023 Week 01","-","All Luas lines","Number","711191"
"TII03C01","Passenger Journeys","2023W01","2023 Week 01","1","Red line","Number","371194"
"TII03C01","Passenger Journeys","2023W01","2023 Week 01","2","Green line","Number","339997"
"TII03C01","Passenger Journeys","2023W02","2023 Week 02","-","All Luas lines","Number","828385"
"TII03C01","Passenger Journeys","2023W02","2023 Week 02","1","Red line","Number","430666"
"TII03C01","Passenger Journeys","2023W02","2023 Week 02","2","Green line","Number","397719"
"TII03C01","Passenger Journeys","2023W03","2023 Week 03","-","All Luas lines","Number","851892"
"TII03C01","Passenger Journeys","2023W03","2023 Week 03","1","Red line","Number","440142"
"TII03C01","Passenger Journeys","2023W03","2023 Week 03","2","Green line","Number","411750"
"TII03C01","Passenger Journeys","2023W04","2023 Week 04","-","All Luas lines","Number","948591"
"TII03C01","Passenger Journeys","2023W04","2023 Week 04","1","Red line","Number","486675"
"TII03C01","Passenger Journeys","2023W04","2023 Week 04","2","Green line","Number","461916"
"TII03C01","Passenger Journeys","2023W05","2023 Week 05","-","All Luas lines","Number","952736"
"TII03C01","Passenger Journeys","2023W05","2023 Week 05","1","Red line","Number","489532"
"TII03C01","Passenger Journeys","2023W05","2023 Week 05","2","Green line","Number","463204"
"TII03C01","Passenger Journeys","2023W06","2023 Week 06","-","All Luas lines","Number","957284"
"TII03C01","Passenger Journeys","2023W06","2023 Week 06","1","Red line","Number","497428"
"TII03C01","Passenger Journeys","2023W06","2023 Week 06","2","Green line","Number","459856"
"TII03C01","Passenger Journeys","2023W07","2023 Week 07","-","All Luas lines","Number","968927"
"TII03C01","Passenger Journeys","2023W07","2023 Week 07","1","Red line","Number","500579"
"TII03C01","Passenger Journeys","2023W07","2023 Week 07","2","Green line","Number","468348"
"TII03C01","Passenger Journeys","2023W08","2023 Week 08","-","All Luas lines","Number","949241"
"TII03C01","Passenger Journeys","2023W08","2023 Week 08","1","Red line","Number","491496"
"TII03C01","Passenger Journeys","2023W08","2023 Week 08","2","Green line","Number","457745"
"TII03C01","Passenger Journeys","2023W09","2023 Week 09","-","All Luas lines","Number","915330"
"TII03C01","Passenger Journeys","2023W09","2023 Week 09","1","Red line","Number","468498"
"TII03C01","Passenger Journeys","2023W09","2023 Week 09","2","Green line","Number","446831"
"TII03C01","Passenger Journeys","2023W10","2023 Week 10","-","All Luas lines","Number","887706"
"TII03C01","Passenger Journeys","2023W10","2023 Week 10","1","Red line","Number","479445"
"TII03C01","Passenger Journeys","2023W10","2023 Week 10","2","Green line","Number","408261"
"TII03C01","Passenger Journeys","2023W11","2023 Week 11","-","All Luas lines","Number","933919"
"TII03C01","Passenger Journeys","2023W11","2023 Week 11","1","Red line","Number","502781"
"TII03C01","Passenger Journeys","2023W11","2023 Week 11","2","Green line","Number","431138"
"TII03C01","Passenger Journeys","2023W12","2023 Week 12","-","All Luas lines","Number","942682"
"TII03C01","Passenger Journeys","2023W12","2023 Week 12","1","Red line","Number","505332"
"TII03C01","Passenger Journeys","2023W12","2023 Week 12","2","Green line","Number","437350"
"TII03C01","Passenger Journeys","2023W13","2023 Week 13","-","All Luas lines","Number","971374"
"TII03C01","Passenger Journeys","2023W13","2023 Week 13","1","Red line","Number","507092"
"TII03C01","Passenger Journeys","2023W13","2023 Week 13","2","Green line","Number","464282"
"TII03C01","Passenger Journeys","2023W14","2023 Week 14","-","All Luas lines","Number","894947"
"TII03C01","Passenger Journeys","2023W14","2023 Week 14","1","Red line","Number","482842"
"TII03C01","Passenger Journeys","2023W14","2023 Week 14","2","Green line","Number","412105"
"TII03C01","Passenger Journeys","2023W15","2023 Week 15","-","All Luas lines","Number","830253"
"TII03C01","Passenger Journeys","2023W15","2023 Week 15","1","Red line","Number","476106"
"TII03C01","Passenger Journeys","2023W15","2023 Week 15","2","Green line","Number","354148"
"TII03C01","Passenger Journeys","2023W16","2023 Week 16","-","All Luas lines","Number","936981"
"TII03C01","Passenger Journeys","2023W16","2023 Week 16","1","Red line","Number","493366"
"TII03C01","Passenger Journeys","2023W16","2023 Week 16","2","Green line","Number","443616"
"TII03C01","Passenger Journeys","2023W17","2023 Week 17","-","All Luas lines","Number","913737"
"TII03C01","Passenger Journeys","2023W17","2023 Week 17","1","Red line","Number","495522"
"TII03C01","Passenger Journeys","2023W17","2023 Week 17","2","Green line","Number","418215"
"TII03C01","Passenger Journeys","2023W18","2023 Week 18","-","All Luas lines","Number","885361"
"TII03C01","Passenger Journeys","2023W18","2023 Week 18","1","Red line","Number","483525"
"TII03C01","Passenger Journeys","2023W18","2023 Week 18","2","Green line","Number","401836"
"TII03C01","Passenger Journeys","2023W19","2023 Week 19","-","All Luas lines","Number","939287"
"TII03C01","Passenger Journeys","2023W19","2023 Week 19","1","Red line","Number","496075"
"TII03C01","Passenger Journeys","2023W19","2023 Week 19","2","Green line","Number","443212"
"TII03C01","Passenger Journeys","2023W20","2023 Week 20","-","All Luas lines","Number","934041"
"TII03C01","Passenger Journeys","2023W20","2023 Week 20","1","Red line","Number","487287"
"TII03C01","Passenger Journeys","2023W20","2023 Week 20","2","Green line","Number","446753"
"TII03C01","Passenger Journeys","2023W21","2023 Week 21","-","All Luas lines","Number","942106"
"TII03C01","Passenger Journeys","2023W21","2023 Week 21","1","Red line","Number","598293"
"TII03C01","Passenger Journeys","2023W21","2023 Week 21","2","Green line","Number","343813"
"TII03C01","Passenger Journeys","2023W22","2023 Week 22","-","All Luas lines","Number","712764"
"TII03C01","Passenger Journeys","2023W22","2023 Week 22","1","Red line","Number","383243"
"TII03C01","Passenger Journeys","2023W22","2023 Week 22","2","Green line","Number","329521"
"TII03C01","Passenger Journeys","2023W23","2023 Week 23","-","All Luas lines","Number","845530"
"TII03C01","Passenger Journeys","2023W23","2023 Week 23","1","Red line","Number","465542"
"TII03C01","Passenger Journeys","2023W23","2023 Week 23","2","Green line","Number","379988"
"TII03C01","Passenger Journeys","2023W24","2023 Week 24","-","All Luas lines","Number","908491"
"TII03C01","Passenger Journeys","2023W24","2023 Week 24","1","Red line","Number","482633"
"TII03C01","Passenger Journeys","2023W24","2023 Week 24","2","Green line","Number","425858"
"TII03C01","Passenger Journeys","2023W25","2023 Week 25","-","All Luas lines","Number","942501"
"TII03C01","Passenger Journeys","2023W25","2023 Week 25","1","Red line","Number","510176"
"TII03C01","Passenger Journeys","2023W25","2023 Week 25","2","Green line","Number","432325"
"TII03C01","Passenger Journeys","2023W26","2023 Week 26","-","All Luas lines","Number","965830"
"TII03C01","Passenger Journeys","2023W26","2023 Week 26","1","Red line","Number","525000"
"TII03C01","Passenger Journeys","2023W26","2023 Week 26","2","Green line","Number","440830"
"TII03C01","Passenger Journeys","2023W27","2023 Week 27","-","All Luas lines","Number","917233"
"TII03C01","Passenger Journeys","2023W27","2023 Week 27","1","Red line","Number","501656"
"TII03C01","Passenger Journeys","2023W27","2023 Week 27","2","Green line","Number","415577"
"TII03C01","Passenger Journeys","2023W28","2023 Week 28","-","All Luas lines","Number","854628"
"TII03C01","Passenger Journeys","2023W28","2023 Week 28","1","Red line","Number","458273"
"TII03C01","Passenger Journeys","2023W28","2023 Week 28","2","Green line","Number","396355"
"TII03C01","Passenger Journeys","2023W29","2023 Week 29","-","All Luas lines","Number","866913"
"TII03C01","Passenger Journeys","2023W29","2023 Week 29","1","Red line","Number","463673"
"TII03C01","Passenger Journeys","2023W29","2023 Week 29","2","Green line","Number","403240"
"TII03C01","Passenger Journeys","2023W30","2023 Week 30","-","All Luas lines","Number","898925"
"TII03C01","Passenger Journeys","2023W30","2023 Week 30","1","Red line","Number","490187"
"TII03C01","Passenger Journeys","2023W30","2023 Week 30","2","Green line","Number","408738"
"TII03C01","Passenger Journeys","2023W31","2023 Week 31","-","All Luas lines","Number","807150"
"TII03C01","Passenger Journeys","2023W31","2023 Week 31","1","Red line","Number","466708"
"TII03C01","Passenger Journeys","2023W31","2023 Week 31","2","Green line","Number","340441"
"TII03C01","Passenger Journeys","2023W32","2023 Week 32","-","All Luas lines","Number","773935"
"TII03C01","Passenger Journeys","2023W32","2023 Week 32","1","Red line","Number","437277"
"TII03C01","Passenger Journeys","2023W32","2023 Week 32","2","Green line","Number","336659"
"TII03C01","Passenger Journeys","2023W33","2023 Week 33","-","All Luas lines","Number","830665"
"TII03C01","Passenger Journeys","2023W33","2023 Week 33","1","Red line","Number","449135"
"TII03C01","Passenger Journeys","2023W33","2023 Week 33","2","Green line","Number","381530"
"TII03C01","Passenger Journeys","2023W34","2023 Week 34","-","All Luas lines","Number","900531"
"TII03C01","Passenger Journeys","2023W34","2023 Week 34","1","Red line","Number","495211"
"TII03C01","Passenger Journeys","2023W34","2023 Week 34","2","Green line","Number","405320"
"TII03C01","Passenger Journeys","2023W35","2023 Week 35","-","All Luas lines","Number","844129"
"TII03C01","Passenger Journeys","2023W35","2023 Week 35","1","Red line","Number","432251"
"TII03C01","Passenger Journeys","2023W35","2023 Week 35","2","Green line","Number","411878"
"TII03C01","Passenger Journeys","2023W36","2023 Week 36","-","All Luas lines","Number","898741"
"TII03C01","Passenger Journeys","2023W36","2023 Week 36","1","Red line","Number","465836"
"TII03C01","Passenger Journeys","2023W36","2023 Week 36","2","Green line","Number","432905"
"TII03C01","Passenger Journeys","2023W37","2023 Week 37","-","All Luas lines","Number","907481"
"TII03C01","Passenger Journeys","2023W37","2023 Week 37","1","Red line","Number","462007"
"TII03C01","Passenger Journeys","2023W37","2023 Week 37","2","Green line","Number","445474"
"TII03C01","Passenger Journeys","2023W38","2023 Week 38","-","All Luas lines","Number","1031691"
"TII03C01","Passenger Journeys","2023W38","2023 Week 38","1","Red line","Number","533098"
"TII03C01","Passenger Journeys","2023W38","2023 Week 38","2","Green line","Number","498593"
"TII03C01","Passenger Journeys","2023W39","2023 Week 39","-","All Luas lines","Number","1013117"
"TII03C01","Passenger Journeys","2023W39","2023 Week 39","1","Red line","Number","512536"
"TII03C01","Passenger Journeys","2023W39","2023 Week 39","2","Green line","Number","500581"
