"STATISTIC","Statistic Label","TLIST(W1)","Year","C03910V04662","Transport Traffic Site","C01198V01436","Weeks of the year","UNIT","VALUE"
"THA21C01","Average weekly volume of cars","2019","2019","10","Selected traffic sites - Dublin","01","Week 01","Number","463064"
"THA21C01","Average weekly volume of cars","2019","2019","10","Selected traffic sites - Dublin","02","Week 02","Number","534609"
"THA21C01","Average weekly volume of cars","2019","2019","10","Selected traffic sites - Dublin","03","Week 03","Number","549470"
"THA21C01","Average weekly volume of cars","2019","2019","10","Selected traffic sites - Dublin","04","Week 04","Number","550892"
"THA21C01","Average weekly volume of cars","2019","2019","10","Selected traffic sites - Dublin","05","Week 05","Number","543468"
"THA21C01","Average weekly volume of cars","2019","2019","10","Selected traffic sites - Dublin","06","Week 06","Number","551850"
"THA21C01","Average weekly volume of cars","2019","2019","10","Selected traffic sites - Dublin","07","Week 07","Number","567892"
"THA21C01","Average weekly volume of cars","2019","2019","10","Selected traffic sites - Dublin","08","Week 08","Number","575255"
"THA21C01","Average weekly volume of cars","2019","2019","10","Selected traffic sites - Dublin","09","Week 09","Number","569793"
"THA21C01","Average weekly volume of cars","2019","2019","10","Selected traffic sites - Dublin","10","Week 10","Number","570752"
"THA21C01","Average weekly volume of cars","2019","2019","10","Selected traffic sites - Dublin","11","Week 11","Number","546053"
"THA21C01","Average weekly volume of cars","2019","2019","10","Selected traffic sites - Dublin","12","Week 12","Number","559722"
"THA21C01","Average weekly volume of cars","2019","2019","10","Selected traffic sites - Dublin","13","Week 13","Number","592217"
"THA21C01","Average weekly volume of cars","2019","2019","10","Selected traffic sites - Dublin","14","Week 14","Number","579543"
"THA21C01","Average weekly volume of cars","2019","2019","10","Selected traffic sites - Dublin","15","Week 15","Number","583124"
"THA21C01","Average weekly volume of cars","2019","2019","10","Selected traffic sites - Dublin","16","Week 16","Number","560245"
"THA21C01","Average weekly volume of cars","2019","2019","10","Selected traffic sites - Dublin","17","Week 17","Number","564764"
"THA21C01","Average weekly volume of cars","2019","2019","10","Selected traffic sites - Dublin","18","Week 18","Number","580301"
"THA21C01","Average weekly volume of cars","2019","2019","10","Selected traffic sites - Dublin","19","Week 19","Number","569762"
"THA21C01","Average weekly volume of cars","2019","2019","10","Selected traffic sites - Dublin","20","Week 20","Number","594815"
"THA21C01","Average weekly volume of cars","2019","2019","10","Selected traffic sites - Dublin","21","Week 21","Number","603575"
"THA21C01","Average weekly volume of cars","2019","2019","10","Selected traffic sites - Dublin","22","Week 22","Number","587534"
"THA21C01","Average weekly volume of cars","2019","2019","10","Selected traffic sites - Dublin","23","Week 23","Number","572720"
"THA21C01","Average weekly volume of cars","2019","2019","10","Selected traffic sites - Dublin","24","Week 24","Number","595508"
"THA21C01","Average weekly volume of cars","2019","2019","10","Selected traffic sites - Dublin","25","Week 25","Number","593055"
"THA21C01","Average weekly volume of cars","2019","2019","10","Selected traffic sites - Dublin","26","Week 26","Number","601581"
"THA21C01","Average weekly volume of cars","2019","2019","10","Selected traffic sites - Dublin","27","Week 27","Number","590467"
"THA21C01","Average weekly volume of cars","2019","2019","10","Selected traffic sites - Dublin","28","Week 28","Number","587003"
"THA21C01","Average weekly volume of cars","2019","2019","10","Selected traffic sites - Dublin","29","Week 29","Number","584356"
"THA21C01","Average weekly volume of cars","2019","2019","10","Selected traffic sites - Dublin","30","Week 30","Number","588741"
"THA21C01","Average weekly volume of cars","2019","2019","10","Selected traffic sites - Dublin","31","Week 31","Number","579020"
"THA21C01","Average weekly volume of cars","2019","2019","10","Selected traffic sites - Dublin","32","Week 32","Number","564465"
"THA21C01","Average weekly volume of cars","2019","2019","10","Selected traffic sites - Dublin","33","Week 33","Number","588621"
"THA21C01","Average weekly volume of cars","2019","2019","10","Selected traffic sites - Dublin","34","Week 34","Number","599607"
"THA21C01","Average weekly volume of cars","2019","2019","10","Selected traffic sites - Dublin","35","Week 35","Number","591575"
"THA21C01","Average weekly volume of cars","2019","2019","10","Selected traffic sites - Dublin","36","Week 36","Number","592419"
"THA21C01","Average weekly volume of cars","2019","2019","10","Selected traffic sites - Dublin","37","Week 37","Number","588597"
"THA21C01","Average weekly volume of cars","2019","2019","10","Selected traffic sites - Dublin","38","Week 38","Number","586374"
"THA21C01","Average weekly volume of cars","2019","2019","10","Selected traffic sites - Dublin","39","Week 39","Number","588882"
"THA21C01","Average weekly volume of cars","2019","2019","10","Selected traffic sites - Dublin","40","Week 40","Number","572375"
"THA21C01","Average weekly volume of cars","2019","2019","10","Selected traffic sites - Dublin","41","Week 41","Number","587243"
"THA21C01","Average weekly volume of cars","2019","2019","10","Selected traffic sites - Dublin","42","Week 42","Number","580936"
"THA21C01","Average weekly volume of cars","2019","2019","10","Selected traffic sites - Dublin","43","Week 43","Number","583163"
"THA21C01","Average weekly volume of cars","2019","2019","10","Selected traffic sites - Dublin","44","Week 44","Number","561316"
"THA21C01","Average weekly volume of cars","2019","2019","10","Selected traffic sites - Dublin","45","Week 45","Number","577276"
"THA21C01","Average weekly volume of cars","2019","2019","10","Selected traffic sites - Dublin","46","Week 46","Number","579190"
"THA21C01","Average weekly volume of cars","2019","2019","10","Selected traffic sites - Dublin","47","Week 47","Number","572909"
"THA21C01","Average weekly volume of cars","2019","2019","10","Selected traffic sites - Dublin","48","Week 48","Number","578130"
"THA21C01","Average weekly volume of cars","2019","2019","10","Selected traffic sites - Dublin","49","Week 49","Number","579484"
"THA21C01","Average weekly volume of cars","2019","2019","10","Selected traffic sites - Dublin","50","Week 50","Number","583247"
"THA21C01","Average weekly volume of cars","2019","2019","10","Selected traffic sites - Dublin","51","Week 51","Number","585770"
"THA21C01","Average weekly volume of cars","2019","2019","10","Selected traffic sites - Dublin","52","Week 52","Number","423282"
"THA21C01","Average weekly volume of cars","2019","2019","10","Selected traffic sites - Dublin","53","Week 53","Number",""
"THA21C01","Average weekly volume of cars","2019","2019","20","Selected traffic sites - Regional","01","Week 01","Number","158311"
"THA21C01","Average weekly volume of cars","2019","2019","20","Selected traffic sites - Regional","02","Week 02","Number","173232"
"THA21C01","Average weekly volume of cars","2019","2019","20","Selected traffic sites - Regional","03","Week 03","Number","180472"
"THA21C01","Average weekly volume of cars","2019","2019","20","Selected traffic sites - Regional","04","Week 04","Number","180047"
"THA21C01","Average weekly volume of cars","2019","2019","20","Selected traffic sites - Regional","05","Week 05","Number","172015"
"THA21C01","Average weekly volume of cars","2019","2019","20","Selected traffic sites - Regional","06","Week 06","Number","183723"
"THA21C01","Average weekly volume of cars","2019","2019","20","Selected traffic sites - Regional","07","Week 07","Number","186751"
"THA21C01","Average weekly volume of cars","2019","2019","20","Selected traffic sites - Regional","08","Week 08","Number","192191"
"THA21C01","Average weekly volume of cars","2019","2019","20","Selected traffic sites - Regional","09","Week 09","Number","185374"
"THA21C01","Average weekly volume of cars","2019","2019","20","Selected traffic sites - Regional","10","Week 10","Number","184850"
"THA21C01","Average weekly volume of cars","2019","2019","20","Selected traffic sites - Regional","11","Week 11","Number","179990"
"THA21C01","Average weekly volume of cars","2019","2019","20","Selected traffic sites - Regional","12","Week 12","Number","186557"
"THA21C01","Average weekly volume of cars","2019","2019","20","Selected traffic sites - Regional","13","Week 13","Number","194924"
"THA21C01","Average weekly volume of cars","2019","2019","20","Selected traffic sites - Regional","14","Week 14","Number","191457"
"THA21C01","Average weekly volume of cars","2019","2019","20","Selected traffic sites - Regional","15","Week 15","Number","191186"
"THA21C01","Average weekly volume of cars","2019","2019","20","Selected traffic sites - Regional","16","Week 16","Number","189240"
"THA21C01","Average weekly volume of cars","2019","2019","20","Selected traffic sites - Regional","17","Week 17","Number","192476"
"THA21C01","Average weekly volume of cars","2019","2019","20","Selected traffic sites - Regional","18","Week 18","Number","194851"
"THA21C01","Average weekly volume of cars","2019","2019","20","Selected traffic sites - Regional","19","Week 19","Number","191255"
"THA21C01","Average weekly volume of cars","2019","2019","20","Selected traffic sites - Regional","20","Week 20","Number","196349"
"THA21C01","Average weekly volume of cars","2019","2019","20","Selected traffic sites - Regional","21","Week 21","Number","196073"
"THA21C01","Average weekly volume of cars","2019","2019","20","Selected traffic sites - Regional","22","Week 22","Number","197118"
"THA21C01","Average weekly volume of cars","2019","2019","20","Selected traffic sites - Regional","23","Week 23","Number","191441"
"THA21C01","Average weekly volume of cars","2019","2019","20","Selected traffic sites - Regional","24","Week 24","Number","196687"
"THA21C01","Average weekly volume of cars","2019","2019","20","Selected traffic sites - Regional","25","Week 25","Number","195671"
"THA21C01","Average weekly volume of cars","2019","2019","20","Selected traffic sites - Regional","26","Week 26","Number","198187"
"THA21C01","Average weekly volume of cars","2019","2019","20","Selected traffic sites - Regional","27","Week 27","Number","199642"
"THA21C01","Average weekly volume of cars","2019","2019","20","Selected traffic sites - Regional","28","Week 28","Number","199348"
"THA21C01","Average weekly volume of cars","2019","2019","20","Selected traffic sites - Regional","29","Week 29","Number","197061"
"THA21C01","Average weekly volume of cars","2019","2019","20","Selected traffic sites - Regional","30","Week 30","Number","202725"
"THA21C01","Average weekly volume of cars","2019","2019","20","Selected traffic sites - Regional","31","Week 31","Number","199496"
"THA21C01","Average weekly volume of cars","2019","2019","20","Selected traffic sites - Regional","32","Week 32","Number","197696"
"THA21C01","Average weekly volume of cars","2019","2019","20","Selected traffic sites - Regional","33","Week 33","Number","203866"
"THA21C01","Average weekly volume of cars","2019","2019","20","Selected traffic sites - Regional","34","Week 34","Number","206511"
"THA21C01","Average weekly volume of cars","2019","2019","20","Selected traffic sites - Regional","35","Week 35","Number","200630"
"THA21C01","Average weekly volume of cars","2019","2019","20","Selected traffic sites - Regional","36","Week 36","Number","199271"
"THA21C01","Average weekly volume of cars","2019","2019","20","Selected traffic sites - Regional","37","Week 37","Number","201263"
"THA21C01","Average weekly volume of cars","2019","2019","20","Selected traffic sites - Regional","38","Week 38","Number","199879"
"THA21C01","Average weekly volume of cars","2019","2019","20","Selected traffic sites - Regional","39","Week 39","Number","198275"
"THA21C01","Average weekly volume of cars","2019","2019","20","Selected traffic sites - Regional","40","Week 40","Number","190430"
"THA21C01","Average weekly volume of cars","2019","2019","20","Selected traffic sites - Regional","41","Week 41","Number","197228"
"THA21C01","Average weekly volume of cars","2019","2019","20","Selected traffic sites - Regional","42","Week 42","Number","192724"
"THA21C01","Average weekly volume of cars","2019","2019","20","Selected traffic sites - Regional","43","Week 43","Number","196678"
"THA21C01","Average weekly volume of cars","2019","2019","20","Selected traffic sites - Regional","44","Week 44","Number","192738"
"THA21C01","Average weekly volume of cars","2019","2019","20","Selected traffic sites - Regional","45","Week 45","Number","194668"
"THA21C01","Average weekly volume of cars","2019","2019","20","Selected traffic sites - Regional","46","Week 46","Number","195621"
"THA21C01","Average weekly volume of cars","2019","2019","20","Selected traffic sites - Regional","47","Week 47","Number","195203"
"THA21C01","Average weekly volume of cars","2019","2019","20","Selected traffic sites - Regional","48","Week 48","Number","197541"
"THA21C01","Average weekly volume of cars","2019","2019","20","Selected traffic sites - Regional","49","Week 49","Number","193350"
"THA21C01","Average weekly volume of cars","2019","2019","20","Selected traffic sites - Regional","50","Week 50","Number","194046"
"THA21C01","Average weekly volume of cars","2019","2019","20","Selected traffic sites - Regional","51","Week 51","Number","195796"
"THA21C01","Average weekly volume of cars","2019","2019","20","Selected traffic sites - Regional","52","Week 52","Number","140418"
"THA21C01","Average weekly volume of cars","2019","2019","20","Selected traffic sites - Regional","53","Week 53","Number",""
"THA21C01","Average weekly volume of cars","2020","2020","10","Selected traffic sites - Dublin","01","Week 01","Number","459023"
"THA21C01","Average weekly volume of cars","2020","2020","10","Selected traffic sites - Dublin","02","Week 02","Number","535401"
"THA21C01","Average weekly volume of cars","2020","2020","10","Selected traffic sites - Dublin","03","Week 03","Number","546354"
"THA21C01","Average weekly volume of cars","2020","2020","10","Selected traffic sites - Dublin","04","Week 04","Number","556012"
"THA21C01","Average weekly volume of cars","2020","2020","10","Selected traffic sites - Dublin","05","Week 05","Number","563146"
"THA21C01","Average weekly volume of cars","2020","2020","10","Selected traffic sites - Dublin","06","Week 06","Number","551737"
"THA21C01","Average weekly volume of cars","2020","2020","10","Selected traffic sites - Dublin","07","Week 07","Number","547994"
"THA21C01","Average weekly volume of cars","2020","2020","10","Selected traffic sites - Dublin","08","Week 08","Number","566784"
"THA21C01","Average weekly volume of cars","2020","2020","10","Selected traffic sites - Dublin","09","Week 09","Number","560278"
"THA21C01","Average weekly volume of cars","2020","2020","10","Selected traffic sites - Dublin","10","Week 10","Number","563919"
"THA21C01","Average weekly volume of cars","2020","2020","10","Selected traffic sites - Dublin","11","Week 11","Number","483016"
"THA21C01","Average weekly volume of cars","2020","2020","10","Selected traffic sites - Dublin","12","Week 12","Number","327382"
"THA21C01","Average weekly volume of cars","2020","2020","10","Selected traffic sites - Dublin","13","Week 13","Number","248058"
"THA21C01","Average weekly volume of cars","2020","2020","10","Selected traffic sites - Dublin","14","Week 14","Number","143557"
"THA21C01","Average weekly volume of cars","2020","2020","10","Selected traffic sites - Dublin","15","Week 15","Number","134308"
"THA21C01","Average weekly volume of cars","2020","2020","10","Selected traffic sites - Dublin","16","Week 16","Number","134401"
"THA21C01","Average weekly volume of cars","2020","2020","10","Selected traffic sites - Dublin","17","Week 17","Number","155938"
"THA21C01","Average weekly volume of cars","2020","2020","10","Selected traffic sites - Dublin","18","Week 18","Number","159169"
"THA21C01","Average weekly volume of cars","2020","2020","10","Selected traffic sites - Dublin","19","Week 19","Number","169694"
"THA21C01","Average weekly volume of cars","2020","2020","10","Selected traffic sites - Dublin","20","Week 20","Number","200968"
"THA21C01","Average weekly volume of cars","2020","2020","10","Selected traffic sites - Dublin","21","Week 21","Number","263438"
"THA21C01","Average weekly volume of cars","2020","2020","10","Selected traffic sites - Dublin","22","Week 22","Number","286726"
"THA21C01","Average weekly volume of cars","2020","2020","10","Selected traffic sites - Dublin","23","Week 23","Number","289055"
"THA21C01","Average weekly volume of cars","2020","2020","10","Selected traffic sites - Dublin","24","Week 24","Number","369887"
"THA21C01","Average weekly volume of cars","2020","2020","10","Selected traffic sites - Dublin","25","Week 25","Number","397286"
"THA21C01","Average weekly volume of cars","2020","2020","10","Selected traffic sites - Dublin","26","Week 26","Number","413348"
"THA21C01","Average weekly volume of cars","2020","2020","10","Selected traffic sites - Dublin","27","Week 27","Number","449555"
"THA21C01","Average weekly volume of cars","2020","2020","10","Selected traffic sites - Dublin","28","Week 28","Number","463106"
"THA21C01","Average weekly volume of cars","2020","2020","10","Selected traffic sites - Dublin","29","Week 29","Number","471550"
"THA21C01","Average weekly volume of cars","2020","2020","10","Selected traffic sites - Dublin","30","Week 30","Number","473671"
"THA21C01","Average weekly volume of cars","2020","2020","10","Selected traffic sites - Dublin","31","Week 31","Number","476103"
"THA21C01","Average weekly volume of cars","2020","2020","10","Selected traffic sites - Dublin","32","Week 32","Number","467430"
"THA21C01","Average weekly volume of cars","2020","2020","10","Selected traffic sites - Dublin","33","Week 33","Number","463641"
"THA21C01","Average weekly volume of cars","2020","2020","10","Selected traffic sites - Dublin","34","Week 34","Number","459846"
"THA21C01","Average weekly volume of cars","2020","2020","10","Selected traffic sites - Dublin","35","Week 35","Number","468215"
"THA21C01","Average weekly volume of cars","2020","2020","10","Selected traffic sites - Dublin","36","Week 36","Number","474557"
"THA21C01","Average weekly volume of cars","2020","2020","10","Selected traffic sites - Dublin","37","Week 37","Number","477994"
"THA21C01","Average weekly volume of cars","2020","2020","10","Selected traffic sites - Dublin","38","Week 38","Number","451770"
"THA21C01","Average weekly volume of cars","2020","2020","10","Selected traffic sites - Dublin","39","Week 39","Number","420403"
"THA21C01","Average weekly volume of cars","2020","2020","10","Selected traffic sites - Dublin","40","Week 40","Number","417913"
"THA21C01","Average weekly volume of cars","2020","2020","10","Selected traffic sites - Dublin","41","Week 41","Number","388453"
"THA21C01","Average weekly volume of cars","2020","2020","10","Selected traffic sites - Dublin","42","Week 42","Number","380446"
"THA21C01","Average weekly volume of cars","2020","2020","10","Selected traffic sites - Dublin","43","Week 43","Number","338897"
"THA21C01","Average weekly volume of cars","2020","2020","10","Selected traffic sites - Dublin","44","Week 44","Number","279363"
"THA21C01","Average weekly volume of cars","2020","2020","10","Selected traffic sites - Dublin","45","Week 45","Number","334772"
"THA21C01","Average weekly volume of cars","2020","2020","10","Selected traffic sites - Dublin","46","Week 46","Number","346055"
"THA21C01","Average weekly volume of cars","2020","2020","10","Selected traffic sites - Dublin","47","Week 47","Number","354476"
"THA21C01","Average weekly volume of cars","2020","2020","10","Selected traffic sites - Dublin","48","Week 48","Number","364810"
"THA21C01","Average weekly volume of cars","2020","2020","10","Selected traffic sites - Dublin","49","Week 49","Number","427251"
"THA21C01","Average weekly volume of cars","2020","2020","10","Selected traffic sites - Dublin","50","Week 50","Number","451974"
"THA21C01","Average weekly volume of cars","2020","2020","10","Selected traffic sites - Dublin","51","Week 51","Number","491375"
"THA21C01","Average weekly volume of cars","2020","2020","10","Selected traffic sites - Dublin","52","Week 52","Number","376254"
"THA21C01","Average weekly volume of cars","2020","2020","10","Selected traffic sites - Dublin","53","Week 53","Number","235248"
"THA21C01","Average weekly volume of cars","2020","2020","20","Selected traffic sites - Regional","01","Week 01","Number","158687"
"THA21C01","Average weekly volume of cars","2020","2020","20","Selected traffic sites - Regional","02","Week 02","Number","175814"
"THA21C01","Average weekly volume of cars","2020","2020","20","Selected traffic sites - Regional","03","Week 03","Number","179424"
"THA21C01","Average weekly volume of cars","2020","2020","20","Selected traffic sites - Regional","04","Week 04","Number","187680"
"THA21C01","Average weekly volume of cars","2020","2020","20","Selected traffic sites - Regional","05","Week 05","Number","187774"
"THA21C01","Average weekly volume of cars","2020","2020","20","Selected traffic sites - Regional","06","Week 06","Number","183195"
"THA21C01","Average weekly volume of cars","2020","2020","20","Selected traffic sites - Regional","07","Week 07","Number","180801"
"THA21C01","Average weekly volume of cars","2020","2020","20","Selected traffic sites - Regional","08","Week 08","Number","195377"
"THA21C01","Average weekly volume of cars","2020","2020","20","Selected traffic sites - Regional","09","Week 09","Number","185090"
"THA21C01","Average weekly volume of cars","2020","2020","20","Selected traffic sites - Regional","10","Week 10","Number","190970"
"THA21C01","Average weekly volume of cars","2020","2020","20","Selected traffic sites - Regional","11","Week 11","Number","160181"
"THA21C01","Average weekly volume of cars","2020","2020","20","Selected traffic sites - Regional","12","Week 12","Number","101789"
"THA21C01","Average weekly volume of cars","2020","2020","20","Selected traffic sites - Regional","13","Week 13","Number","80749"
"THA21C01","Average weekly volume of cars","2020","2020","20","Selected traffic sites - Regional","14","Week 14","Number","47243"
"THA21C01","Average weekly volume of cars","2020","2020","20","Selected traffic sites - Regional","15","Week 15","Number","44648"
"THA21C01","Average weekly volume of cars","2020","2020","20","Selected traffic sites - Regional","16","Week 16","Number","43828"
"THA21C01","Average weekly volume of cars","2020","2020","20","Selected traffic sites - Regional","17","Week 17","Number","50869"
"THA21C01","Average weekly volume of cars","2020","2020","20","Selected traffic sites - Regional","18","Week 18","Number","52442"
"THA21C01","Average weekly volume of cars","2020","2020","20","Selected traffic sites - Regional","19","Week 19","Number","55070"
"THA21C01","Average weekly volume of cars","2020","2020","20","Selected traffic sites - Regional","20","Week 20","Number","65547"
"THA21C01","Average weekly volume of cars","2020","2020","20","Selected traffic sites - Regional","21","Week 21","Number","86890"
"THA21C01","Average weekly volume of cars","2020","2020","20","Selected traffic sites - Regional","22","Week 22","Number","92619"
"THA21C01","Average weekly volume of cars","2020","2020","20","Selected traffic sites - Regional","23","Week 23","Number","94805"
"THA21C01","Average weekly volume of cars","2020","2020","20","Selected traffic sites - Regional","24","Week 24","Number","118789"
"THA21C01","Average weekly volume of cars","2020","2020","20","Selected traffic sites - Regional","25","Week 25","Number","128712"
"THA21C01","Average weekly volume of cars","2020","2020","20","Selected traffic sites - Regional","26","Week 26","Number","135411"
"THA21C01","Average weekly volume of cars","2020","2020","20","Selected traffic sites - Regional","27","Week 27","Number","155568"
"THA21C01","Average weekly volume of cars","2020","2020","20","Selected traffic sites - Regional","28","Week 28","Number","162178"
"THA21C01","Average weekly volume of cars","2020","2020","20","Selected traffic sites - Regional","29","Week 29","Number","166790"
"THA21C01","Average weekly volume of cars","2020","2020","20","Selected traffic sites - Regional","30","Week 30","Number","169314"
"THA21C01","Average weekly volume of cars","2020","2020","20","Selected traffic sites - Regional","31","Week 31","Number","173011"
"THA21C01","Average weekly volume of cars","2020","2020","20","Selected traffic sites - Regional","32","Week 32","Number","172145"
"THA21C01","Average weekly volume of cars","2020","2020","20","Selected traffic sites - Regional","33","Week 33","Number","168549"
"THA21C01","Average weekly volume of cars","2020","2020","20","Selected traffic sites - Regional","34","Week 34","Number","165222"
"THA21C01","Average weekly volume of cars","2020","2020","20","Selected traffic sites - Regional","35","Week 35","Number","168301"
"THA21C01","Average weekly volume of cars","2020","2020","20","Selected traffic sites - Regional","36","Week 36","Number","165670"
"THA21C01","Average weekly volume of cars","2020","2020","20","Selected traffic sites - Regional","37","Week 37","Number","167122"
"THA21C01","Average weekly volume of cars","2020","2020","20","Selected traffic sites - Regional","38","Week 38","Number","167668"
"THA21C01","Average weekly volume of cars","2020","2020","20","Selected traffic sites - Regional","39","Week 39","Number","158986"
"THA21C01","Average weekly volume of cars","2020","2020","20","Selected traffic sites - Regional","40","Week 40","Number","153341"
"THA21C01","Average weekly volume of cars","2020","2020","20","Selected traffic sites - Regional","41","Week 41","Number","136574"
"THA21C01","Average weekly volume of cars","2020","2020","20","Selected traffic sites - Regional","42","Week 42","Number","130745"
"THA21C01","Average weekly volume of cars","2020","2020","20","Selected traffic sites - Regional","43","Week 43","Number","111940"
"THA21C01","Average weekly volume of cars","2020","2020","20","Selected traffic sites - Regional","44","Week 44","Number","89263"
"THA21C01","Average weekly volume of cars","2020","2020","20","Selected traffic sites - Regional","45","Week 45","Number","108262"
"THA21C01","Average weekly volume of cars","2020","2020","20","Selected traffic sites - Regional","46","Week 46","Number","112432"
"THA21C01","Average weekly volume of cars","2020","2020","20","Selected traffic sites - Regional","47","Week 47","Number","115487"
"THA21C01","Average weekly volume of cars","2020","2020","20","Selected traffic sites - Regional","48","Week 48","Number","119023"
"THA21C01","Average weekly volume of cars","2020","2020","20","Selected traffic sites - Regional","49","Week 49","Number","142709"
"THA21C01","Average weekly volume of cars","2020","2020","20","Selected traffic sites - Regional","50","Week 50","Number","149927"
"THA21C01","Average weekly volume of cars","2020","2020","20","Selected traffic sites - Regional","51","Week 51","Number","164733"
"THA21C01","Average weekly volume of cars","2020","2020","20","Selected traffic sites - Regional","52","Week 52","Number","126966"
"THA21C01","Average weekly volume of cars","2020","2020","20","Selected traffic sites - Regional","53","Week 53","Number","81881"
"THA21C01","Average weekly volume of cars","2021","2021","10","Selected traffic sites - Dublin","01","Week 01","Number","272255"
"THA21C01","Average weekly volume of cars","2021","2021","10","Selected traffic sites - Dublin","02","Week 02","Number","255928"
"THA21C01","Average weekly volume of cars","2021","2021","10","Selected traffic sites - Dublin","03","Week 03","Number","258384"
"THA21C01","Average weekly volume of cars","2021","2021","10","Selected traffic sites - Dublin","04","Week 04","Number","265613"
"THA21C01","Average weekly volume of cars","2021","2021","10","Selected traffic sites - Dublin","05","Week 05","Number","274482"
"THA21C01","Average weekly volume of cars","2021","2021","10","Selected traffic sites - Dublin","06","Week 06","Number","274363"
"THA21C01","Average weekly volume of cars","2021","2021","10","Selected traffic sites - Dublin","07","Week 07","Number","292400"
"THA21C01","Average weekly volume of cars","2021","2021","10","Selected traffic sites - Dublin","08","Week 08","Number","304825"
"THA21C01","Average weekly volume of cars","2021","2021","10","Selected traffic sites - Dublin","09","Week 09","Number","319482"
"THA21C01","Average weekly volume of cars","2021","2021","10","Selected traffic sites - Dublin","10","Week 10","Number","333343"
"THA21C01","Average weekly volume of cars","2021","2021","10","Selected traffic sites - Dublin","11","Week 11","Number","302788"
"THA21C01","Average weekly volume of cars","2021","2021","10","Selected traffic sites - Dublin","12","Week 12","Number","338888"
"THA21C01","Average weekly volume of cars","2021","2021","10","Selected traffic sites - Dublin","13","Week 13","Number","327226"
"THA21C01","Average weekly volume of cars","2021","2021","10","Selected traffic sites - Dublin","14","Week 14","Number","317690"
"THA21C01","Average weekly volume of cars","2021","2021","10","Selected traffic sites - Dublin","15","Week 15","Number","398787"
"THA21C01","Average weekly volume of cars","2021","2021","10","Selected traffic sites - Dublin","16","Week 16","Number","411255"
"THA21C01","Average weekly volume of cars","2021","2021","10","Selected traffic sites - Dublin","17","Week 17","Number","414958"
"THA21C01","Average weekly volume of cars","2021","2021","10","Selected traffic sites - Dublin","18","Week 18","Number","397630"
"THA21C01","Average weekly volume of cars","2021","2021","10","Selected traffic sites - Dublin","19","Week 19","Number","460196"
"THA21C01","Average weekly volume of cars","2021","2021","10","Selected traffic sites - Dublin","20","Week 20","Number","476938"
"THA21C01","Average weekly volume of cars","2021","2021","10","Selected traffic sites - Dublin","21","Week 21","Number","497019"
"THA21C01","Average weekly volume of cars","2021","2021","10","Selected traffic sites - Dublin","22","Week 22","Number","503412"
"THA21C01","Average weekly volume of cars","2021","2021","10","Selected traffic sites - Dublin","23","Week 23","Number","500566"
"THA21C01","Average weekly volume of cars","2021","2021","10","Selected traffic sites - Dublin","24","Week 24","Number","513231"
"THA21C01","Average weekly volume of cars","2021","2021","10","Selected traffic sites - Dublin","25","Week 25","Number","512834"
"THA21C01","Average weekly volume of cars","2021","2021","10","Selected traffic sites - Dublin","26","Week 26","Number","515383"
"THA21C01","Average weekly volume of cars","2021","2021","10","Selected traffic sites - Dublin","27","Week 27","Number","507907"
"THA21C01","Average weekly volume of cars","2021","2021","10","Selected traffic sites - Dublin","28","Week 28","Number","526467"
"THA21C01","Average weekly volume of cars","2021","2021","10","Selected traffic sites - Dublin","29","Week 29","Number","534571"
"THA21C01","Average weekly volume of cars","2021","2021","10","Selected traffic sites - Dublin","30","Week 30","Number","515382"
"THA21C01","Average weekly volume of cars","2021","2021","10","Selected traffic sites - Dublin","31","Week 31","Number","504869"
"THA21C01","Average weekly volume of cars","2021","2021","10","Selected traffic sites - Dublin","32","Week 32","Number","524890"
"THA21C01","Average weekly volume of cars","2021","2021","10","Selected traffic sites - Dublin","33","Week 33","Number","531446"
"THA21C01","Average weekly volume of cars","2021","2021","10","Selected traffic sites - Dublin","34","Week 34","Number","549047"
"THA21C01","Average weekly volume of cars","2021","2021","10","Selected traffic sites - Dublin","35","Week 35","Number","531509"
"THA21C01","Average weekly volume of cars","2021","2021","10","Selected traffic sites - Dublin","36","Week 36","Number","533924"
"THA21C01","Average weekly volume of cars","2021","2021","10","Selected traffic sites - Dublin","37","Week 37","Number","536930"
"THA21C01","Average weekly volume of cars","2021","2021","10","Selected traffic sites - Dublin","38","Week 38","Number","540797"
"THA21C01","Average weekly volume of cars","2021","2021","10","Selected traffic sites - Dublin","39","Week 39","Number","536807"
"THA21C01","Average weekly volume of cars","2021","2021","10","Selected traffic sites - Dublin","40","Week 40","Number","538104"
"THA21C01","Average weekly volume of cars","2021","2021","10","Selected traffic sites - Dublin","41","Week 41","Number","537892"
"THA21C01","Average weekly volume of cars","2021","2021","10","Selected traffic sites - Dublin","42","Week 42","Number","537632"
"THA21C01","Average weekly volume of cars","2021","2021","10","Selected traffic sites - Dublin","43","Week 43","Number","525536"
"THA21C01","Average weekly volume of cars","2021","2021","10","Selected traffic sites - Dublin","44","Week 44","Number","533257"
"THA21C01","Average weekly volume of cars","2021","2021","10","Selected traffic sites - Dublin","45","Week 45","Number","535318"
"THA21C01","Average weekly volume of cars","2021","2021","10","Selected traffic sites - Dublin","46","Week 46","Number","532073"
"THA21C01","Average weekly volume of cars","2021","2021","10","Selected traffic sites - Dublin","47","Week 47","Number","514876"
"THA21C01","Average weekly volume of cars","2021","2021","10","Selected traffic sites - Dublin","48","Week 48","Number","519436"
"THA21C01","Average weekly volume of cars","2021","2021","10","Selected traffic sites - Dublin","49","Week 49","Number","496857"
"THA21C01","Average weekly volume of cars","2021","2021","10","Selected traffic sites - Dublin","50","Week 50","Number","532581"
"THA21C01","Average weekly volume of cars","2021","2021","10","Selected traffic sites - Dublin","51","Week 51","Number","455206"
"THA21C01","Average weekly volume of cars","2021","2021","10","Selected traffic sites - Dublin","52","Week 52","Number","369456"
"THA21C01","Average weekly volume of cars","2021","2021","10","Selected traffic sites - Dublin","53","Week 53","Number",""
"THA21C01","Average weekly volume of cars","2021","2021","20","Selected traffic sites - Regional","01","Week 01","Number","83185"
"THA21C01","Average weekly volume of cars","2021","2021","20","Selected traffic sites - Regional","02","Week 02","Number","80500"
"THA21C01","Average weekly volume of cars","2021","2021","20","Selected traffic sites - Regional","03","Week 03","Number","82449"
"THA21C01","Average weekly volume of cars","2021","2021","20","Selected traffic sites - Regional","04","Week 04","Number","85048"
"THA21C01","Average weekly volume of cars","2021","2021","20","Selected traffic sites - Regional","05","Week 05","Number","89064"
"THA21C01","Average weekly volume of cars","2021","2021","20","Selected traffic sites - Regional","06","Week 06","Number","88159"
"THA21C01","Average weekly volume of cars","2021","2021","20","Selected traffic sites - Regional","07","Week 07","Number","95426"
"THA21C01","Average weekly volume of cars","2021","2021","20","Selected traffic sites - Regional","08","Week 08","Number","98451"
"THA21C01","Average weekly volume of cars","2021","2021","20","Selected traffic sites - Regional","09","Week 09","Number","103837"
"THA21C01","Average weekly volume of cars","2021","2021","20","Selected traffic sites - Regional","10","Week 10","Number","108629"
"THA21C01","Average weekly volume of cars","2021","2021","20","Selected traffic sites - Regional","11","Week 11","Number","99825"
"THA21C01","Average weekly volume of cars","2021","2021","20","Selected traffic sites - Regional","12","Week 12","Number","110154"
"THA21C01","Average weekly volume of cars","2021","2021","20","Selected traffic sites - Regional","13","Week 13","Number","106975"
"THA21C01","Average weekly volume of cars","2021","2021","20","Selected traffic sites - Regional","14","Week 14","Number","106651"
"THA21C01","Average weekly volume of cars","2021","2021","20","Selected traffic sites - Regional","15","Week 15","Number","129277"
"THA21C01","Average weekly volume of cars","2021","2021","20","Selected traffic sites - Regional","16","Week 16","Number","131971"
"THA21C01","Average weekly volume of cars","2021","2021","20","Selected traffic sites - Regional","17","Week 17","Number","133817"
"THA21C01","Average weekly volume of cars","2021","2021","20","Selected traffic sites - Regional","18","Week 18","Number","128842"
"THA21C01","Average weekly volume of cars","2021","2021","20","Selected traffic sites - Regional","19","Week 19","Number","152039"
"THA21C01","Average weekly volume of cars","2021","2021","20","Selected traffic sites - Regional","20","Week 20","Number","159748"
"THA21C01","Average weekly volume of cars","2021","2021","20","Selected traffic sites - Regional","21","Week 21","Number","162685"
"THA21C01","Average weekly volume of cars","2021","2021","20","Selected traffic sites - Regional","22","Week 22","Number","171880"
"THA21C01","Average weekly volume of cars","2021","2021","20","Selected traffic sites - Regional","23","Week 23","Number","174218"
"THA21C01","Average weekly volume of cars","2021","2021","20","Selected traffic sites - Regional","24","Week 24","Number","173329"
"THA21C01","Average weekly volume of cars","2021","2021","20","Selected traffic sites - Regional","25","Week 25","Number","175527"
"THA21C01","Average weekly volume of cars","2021","2021","20","Selected traffic sites - Regional","26","Week 26","Number","179058"
"THA21C01","Average weekly volume of cars","2021","2021","20","Selected traffic sites - Regional","27","Week 27","Number","179929"
"THA21C01","Average weekly volume of cars","2021","2021","20","Selected traffic sites - Regional","28","Week 28","Number","185055"
"THA21C01","Average weekly volume of cars","2021","2021","20","Selected traffic sites - Regional","29","Week 29","Number","185627"
"THA21C01","Average weekly volume of cars","2021","2021","20","Selected traffic sites - Regional","30","Week 30","Number","182335"
"THA21C01","Average weekly volume of cars","2021","2021","20","Selected traffic sites - Regional","31","Week 31","Number","183001"
"THA21C01","Average weekly volume of cars","2021","2021","20","Selected traffic sites - Regional","32","Week 32","Number","184203"
"THA21C01","Average weekly volume of cars","2021","2021","20","Selected traffic sites - Regional","33","Week 33","Number","188659"
"THA21C01","Average weekly volume of cars","2021","2021","20","Selected traffic sites - Regional","34","Week 34","Number","190594"
"THA21C01","Average weekly volume of cars","2021","2021","20","Selected traffic sites - Regional","35","Week 35","Number","176614"
"THA21C01","Average weekly volume of cars","2021","2021","20","Selected traffic sites - Regional","36","Week 36","Number","179982"
"THA21C01","Average weekly volume of cars","2021","2021","20","Selected traffic sites - Regional","37","Week 37","Number","180197"
"THA21C01","Average weekly volume of cars","2021","2021","20","Selected traffic sites - Regional","38","Week 38","Number","179219"
"THA21C01","Average weekly volume of cars","2021","2021","20","Selected traffic sites - Regional","39","Week 39","Number","179438"
"THA21C01","Average weekly volume of cars","2021","2021","20","Selected traffic sites - Regional","40","Week 40","Number","177623"
"THA21C01","Average weekly volume of cars","2021","2021","20","Selected traffic sites - Regional","41","Week 41","Number","175472"
"THA21C01","Average weekly volume of cars","2021","2021","20","Selected traffic sites - Regional","42","Week 42","Number","176860"
"THA21C01","Average weekly volume of cars","2021","2021","20","Selected traffic sites - Regional","43","Week 43","Number","178493"
"THA21C01","Average weekly volume of cars","2021","2021","20","Selected traffic sites - Regional","44","Week 44","Number","173700"
"THA21C01","Average weekly volume of cars","2021","2021","20","Selected traffic sites - Regional","45","Week 45","Number","174526"
"THA21C01","Average weekly volume of cars","2021","2021","20","Selected traffic sites - Regional","46","Week 46","Number","171548"
"THA21C01","Average weekly volume of cars","2021","2021","20","Selected traffic sites - Regional","47","Week 47","Number","171518"
"THA21C01","Average weekly volume of cars","2021","2021","20","Selected traffic sites - Regional","48","Week 48","Number","169729"
"THA21C01","Average weekly volume of cars","2021","2021","20","Selected traffic sites - Regional","49","Week 49","Number","155346"
"THA21C01","Average weekly volume of cars","2021","2021","20","Selected traffic sites - Regional","50","Week 50","Number","177605"
"THA21C01","Average weekly volume of cars","2021","2021","20","Selected traffic sites - Regional","51","Week 51","Number","146217"
"THA21C01","Average weekly volume of cars","2021","2021","20","Selected traffic sites - Regional","52","Week 52","Number","127883"
"THA21C01","Average weekly volume of cars","2021","2021","20","Selected traffic sites - Regional","53","Week 53","Number",""
"THA21C01","Average weekly volume of cars","2022","2022","10","Selected traffic sites - Dublin","01","Week 01","Number","420291"
"THA21C01","Average weekly volume of cars","2022","2022","10","Selected traffic sites - Dublin","02","Week 02","Number","468040"
"THA21C01","Average weekly volume of cars","2022","2022","10","Selected traffic sites - Dublin","03","Week 03","Number","486562"
"THA21C01","Average weekly volume of cars","2022","2022","10","Selected traffic sites - Dublin","04","Week 04","Number","502538"
"THA21C01","Average weekly volume of cars","2022","2022","10","Selected traffic sites - Dublin","05","Week 05","Number","507672"
"THA21C01","Average weekly volume of cars","2022","2022","10","Selected traffic sites - Dublin","06","Week 06","Number","512675"
"THA21C01","Average weekly volume of cars","2022","2022","10","Selected traffic sites - Dublin","07","Week 07","Number","506623"
"THA21C01","Average weekly volume of cars","2022","2022","10","Selected traffic sites - Dublin","08","Week 08","Number","533714"
"THA21C01","Average weekly volume of cars","2022","2022","10","Selected traffic sites - Dublin","09","Week 09","Number","534969"
"THA21C01","Average weekly volume of cars","2022","2022","10","Selected traffic sites - Dublin","10","Week 10","Number","521347"
"THA21C01","Average weekly volume of cars","2022","2022","10","Selected traffic sites - Dublin","11","Week 11","Number","490995"
"THA21C01","Average weekly volume of cars","2022","2022","10","Selected traffic sites - Dublin","12","Week 12","Number","542469"
"THA21C01","Average weekly volume of cars","2022","2022","10","Selected traffic sites - Dublin","13","Week 13","Number","543560"
"THA21C01","Average weekly volume of cars","2022","2022","10","Selected traffic sites - Dublin","14","Week 14","Number","546815"
"THA21C01","Average weekly volume of cars","2022","2022","10","Selected traffic sites - Dublin","15","Week 15","Number","536268"
"THA21C01","Average weekly volume of cars","2022","2022","10","Selected traffic sites - Dublin","16","Week 16","Number","558694"
"THA21C01","Average weekly volume of cars","2022","2022","10","Selected traffic sites - Dublin","17","Week 17","Number","561127"
"THA21C01","Average weekly volume of cars","2022","2022","10","Selected traffic sites - Dublin","18","Week 18","Number","556239"
"THA21C01","Average weekly volume of cars","2022","2022","10","Selected traffic sites - Dublin","19","Week 19","Number","575405"
"THA21C01","Average weekly volume of cars","2022","2022","10","Selected traffic sites - Dublin","20","Week 20","Number","571593"
"THA21C01","Average weekly volume of cars","2022","2022","10","Selected traffic sites - Dublin","21","Week 21","Number","578719"
"THA21C01","Average weekly volume of cars","2022","2022","10","Selected traffic sites - Dublin","22","Week 22","Number","560207"
"THA21C01","Average weekly volume of cars","2022","2022","10","Selected traffic sites - Dublin","23","Week 23","Number","554260"
"THA21C01","Average weekly volume of cars","2022","2022","10","Selected traffic sites - Dublin","24","Week 24","Number","569312"
"THA21C01","Average weekly volume of cars","2022","2022","10","Selected traffic sites - Dublin","25","Week 25","Number","571084"
"THA21C01","Average weekly volume of cars","2022","2022","10","Selected traffic sites - Dublin","26","Week 26","Number","563171"
"THA21C01","Average weekly volume of cars","2022","2022","10","Selected traffic sites - Dublin","27","Week 27","Number","537825"
"THA21C01","Average weekly volume of cars","2022","2022","10","Selected traffic sites - Dublin","28","Week 28","Number","546454"
"THA21C01","Average weekly volume of cars","2022","2022","10","Selected traffic sites - Dublin","29","Week 29","Number","558061"
"THA21C01","Average weekly volume of cars","2022","2022","10","Selected traffic sites - Dublin","30","Week 30","Number","515650"
"THA21C01","Average weekly volume of cars","2022","2022","10","Selected traffic sites - Dublin","31","Week 31","Number","548190"
"THA21C01","Average weekly volume of cars","2022","2022","10","Selected traffic sites - Dublin","32","Week 32","Number","571523"
"THA21C01","Average weekly volume of cars","2022","2022","10","Selected traffic sites - Dublin","33","Week 33","Number","574178"
"THA21C01","Average weekly volume of cars","2022","2022","10","Selected traffic sites - Dublin","34","Week 34","Number","582683"
"THA21C01","Average weekly volume of cars","2022","2022","10","Selected traffic sites - Dublin","35","Week 35","Number","568721"
"THA21C01","Average weekly volume of cars","2022","2022","10","Selected traffic sites - Dublin","36","Week 36","Number","572995"
"THA21C01","Average weekly volume of cars","2022","2022","10","Selected traffic sites - Dublin","37","Week 37","Number","576323"
"THA21C01","Average weekly volume of cars","2022","2022","10","Selected traffic sites - Dublin","38","Week 38","Number","565849"
"THA21C01","Average weekly volume of cars","2022","2022","10","Selected traffic sites - Dublin","39","Week 39","Number","563189"
"THA21C01","Average weekly volume of cars","2022","2022","10","Selected traffic sites - Dublin","40","Week 40","Number","555361"
"THA21C01","Average weekly volume of cars","2022","2022","10","Selected traffic sites - Dublin","41","Week 41","Number","556828"
"THA21C01","Average weekly volume of cars","2022","2022","10","Selected traffic sites - Dublin","42","Week 42","Number","550995"
"THA21C01","Average weekly volume of cars","2022","2022","10","Selected traffic sites - Dublin","43","Week 43","Number","557435"
"THA21C01","Average weekly volume of cars","2022","2022","10","Selected traffic sites - Dublin","44","Week 44","Number","480617"
"THA21C01","Average weekly volume of cars","2022","2022","10","Selected traffic sites - Dublin","45","Week 45","Number","551500"
"THA21C01","Average weekly volume of cars","2022","2022","10","Selected traffic sites - Dublin","46","Week 46","Number","554558"
"THA21C01","Average weekly volume of cars","2022","2022","10","Selected traffic sites - Dublin","47","Week 47","Number","546451"
"THA21C01","Average weekly volume of cars","2022","2022","10","Selected traffic sites - Dublin","48","Week 48","Number","556871"
"THA21C01","Average weekly volume of cars","2022","2022","10","Selected traffic sites - Dublin","49","Week 49","Number","533722"
"THA21C01","Average weekly volume of cars","2022","2022","10","Selected traffic sites - Dublin","50","Week 50","Number","535536"
"THA21C01","Average weekly volume of cars","2022","2022","10","Selected traffic sites - Dublin","51","Week 51","Number","500570"
"THA21C01","Average weekly volume of cars","2022","2022","10","Selected traffic sites - Dublin","52","Week 52","Number","414049"
"THA21C01","Average weekly volume of cars","2022","2022","10","Selected traffic sites - Dublin","53","Week 53","Number",""
"THA21C01","Average weekly volume of cars","2022","2022","20","Selected traffic sites - Regional","01","Week 01","Number","134214"
"THA21C01","Average weekly volume of cars","2022","2022","20","Selected traffic sites - Regional","02","Week 02","Number","148171"
"THA21C01","Average weekly volume of cars","2022","2022","20","Selected traffic sites - Regional","03","Week 03","Number","157184"
"THA21C01","Average weekly volume of cars","2022","2022","20","Selected traffic sites - Regional","04","Week 04","Number","162423"
"THA21C01","Average weekly volume of cars","2022","2022","20","Selected traffic sites - Regional","05","Week 05","Number","165249"
"THA21C01","Average weekly volume of cars","2022","2022","20","Selected traffic sites - Regional","06","Week 06","Number","165012"
"THA21C01","Average weekly volume of cars","2022","2022","20","Selected traffic sites - Regional","07","Week 07","Number","161387"
"THA21C01","Average weekly volume of cars","2022","2022","20","Selected traffic sites - Regional","08","Week 08","Number","176630"
"THA21C01","Average weekly volume of cars","2022","2022","20","Selected traffic sites - Regional","09","Week 09","Number","172862"
"THA21C01","Average weekly volume of cars","2022","2022","20","Selected traffic sites - Regional","10","Week 10","Number","164679"
"THA21C01","Average weekly volume of cars","2022","2022","20","Selected traffic sites - Regional","11","Week 11","Number","160262"
"THA21C01","Average weekly volume of cars","2022","2022","20","Selected traffic sites - Regional","12","Week 12","Number","169549"
"THA21C01","Average weekly volume of cars","2022","2022","20","Selected traffic sites - Regional","13","Week 13","Number","172886"
"THA21C01","Average weekly volume of cars","2022","2022","20","Selected traffic sites - Regional","14","Week 14","Number","177254"
"THA21C01","Average weekly volume of cars","2022","2022","20","Selected traffic sites - Regional","15","Week 15","Number","176677"
"THA21C01","Average weekly volume of cars","2022","2022","20","Selected traffic sites - Regional","16","Week 16","Number","186264"
"THA21C01","Average weekly volume of cars","2022","2022","20","Selected traffic sites - Regional","17","Week 17","Number","184331"
"THA21C01","Average weekly volume of cars","2022","2022","20","Selected traffic sites - Regional","18","Week 18","Number","185785"
"THA21C01","Average weekly volume of cars","2022","2022","20","Selected traffic sites - Regional","19","Week 19","Number","186591"
"THA21C01","Average weekly volume of cars","2022","2022","20","Selected traffic sites - Regional","20","Week 20","Number","185990"
"THA21C01","Average weekly volume of cars","2022","2022","20","Selected traffic sites - Regional","21","Week 21","Number","187045"
"THA21C01","Average weekly volume of cars","2022","2022","20","Selected traffic sites - Regional","22","Week 22","Number","188377"
"THA21C01","Average weekly volume of cars","2022","2022","20","Selected traffic sites - Regional","23","Week 23","Number","179794"
"THA21C01","Average weekly volume of cars","2022","2022","20","Selected traffic sites - Regional","24","Week 24","Number","184785"
"THA21C01","Average weekly volume of cars","2022","2022","20","Selected traffic sites - Regional","25","Week 25","Number","184446"
"THA21C01","Average weekly volume of cars","2022","2022","20","Selected traffic sites - Regional","26","Week 26","Number","187516"
"THA21C01","Average weekly volume of cars","2022","2022","20","Selected traffic sites - Regional","27","Week 27","Number","183971"
"THA21C01","Average weekly volume of cars","2022","2022","20","Selected traffic sites - Regional","28","Week 28","Number","184758"
"THA21C01","Average weekly volume of cars","2022","2022","20","Selected traffic sites - Regional","29","Week 29","Number","186742"
"THA21C01","Average weekly volume of cars","2022","2022","20","Selected traffic sites - Regional","30","Week 30","Number","187342"
"THA21C01","Average weekly volume of cars","2022","2022","20","Selected traffic sites - Regional","31","Week 31","Number","181967"
"THA21C01","Average weekly volume of cars","2022","2022","20","Selected traffic sites - Regional","32","Week 32","Number","190092"
"THA21C01","Average weekly volume of cars","2022","2022","20","Selected traffic sites - Regional","33","Week 33","Number","192456"
"THA21C01","Average weekly volume of cars","2022","2022","20","Selected traffic sites - Regional","34","Week 34","Number","193960"
"THA21C01","Average weekly volume of cars","2022","2022","20","Selected traffic sites - Regional","35","Week 35","Number","184281"
"THA21C01","Average weekly volume of cars","2022","2022","20","Selected traffic sites - Regional","36","Week 36","Number","185631"
"THA21C01","Average weekly volume of cars","2022","2022","20","Selected traffic sites - Regional","37","Week 37","Number","184649"
"THA21C01","Average weekly volume of cars","2022","2022","20","Selected traffic sites - Regional","38","Week 38","Number","191119"
"THA21C01","Average weekly volume of cars","2022","2022","20","Selected traffic sites - Regional","39","Week 39","Number","185354"
"THA21C01","Average weekly volume of cars","2022","2022","20","Selected traffic sites - Regional","40","Week 40","Number","178363"
"THA21C01","Average weekly volume of cars","2022","2022","20","Selected traffic sites - Regional","41","Week 41","Number","176460"
"THA21C01","Average weekly volume of cars","2022","2022","20","Selected traffic sites - Regional","42","Week 42","Number","181628"
"THA21C01","Average weekly volume of cars","2022","2022","20","Selected traffic sites - Regional","43","Week 43","Number","181476"
"THA21C01","Average weekly volume of cars","2022","2022","20","Selected traffic sites - Regional","44","Week 44","Number","179027"
"THA21C01","Average weekly volume of cars","2022","2022","20","Selected traffic sites - Regional","45","Week 45","Number","177774"
"THA21C01","Average weekly volume of cars","2022","2022","20","Selected traffic sites - Regional","46","Week 46","Number","181231"
"THA21C01","Average weekly volume of cars","2022","2022","20","Selected traffic sites - Regional","47","Week 47","Number","180752"
"THA21C01","Average weekly volume of cars","2022","2022","20","Selected traffic sites - Regional","48","Week 48","Number","183320"
"THA21C01","Average weekly volume of cars","2022","2022","20","Selected traffic sites - Regional","49","Week 49","Number","177211"
"THA21C01","Average weekly volume of cars","2022","2022","20","Selected traffic sites - Regional","50","Week 50","Number","171318"
"THA21C01","Average weekly volume of cars","2022","2022","20","Selected traffic sites - Regional","51","Week 51","Number","164214"
"THA21C01","Average weekly volume of cars","2022","2022","20","Selected traffic sites - Regional","52","Week 52","Number","142363"
"THA21C01","Average weekly volume of cars","2022","2022","20","Selected traffic sites - Regional","53","Week 53","Number",""
"THA21C01","Average weekly volume of cars","2023","2023","10","Selected traffic sites - Dublin","01","Week 01","Number","483843"
"THA21C01","Average weekly volume of cars","2023","2023","10","Selected traffic sites - Dublin","02","Week 02","Number","521115"
"THA21C01","Average weekly volume of cars","2023","2023","10","Selected traffic sites - Dublin","03","Week 03","Number","529685"
"THA21C01","Average weekly volume of cars","2023","2023","10","Selected traffic sites - Dublin","04","Week 04","Number","539418"
"THA21C01","Average weekly volume of cars","2023","2023","10","Selected traffic sites - Dublin","05","Week 05","Number","542534"
"THA21C01","Average weekly volume of cars","2023","2023","10","Selected traffic sites - Dublin","06","Week 06","Number","532435"
"THA21C01","Average weekly volume of cars","2023","2023","10","Selected traffic sites - Dublin","07","Week 07","Number","556138"
"THA21C01","Average weekly volume of cars","2023","2023","10","Selected traffic sites - Dublin","08","Week 08","Number","555112"
"THA21C01","Average weekly volume of cars","2023","2023","10","Selected traffic sites - Dublin","09","Week 09","Number","555076"
"THA21C01","Average weekly volume of cars","2023","2023","10","Selected traffic sites - Dublin","10","Week 10","Number","537619"
"THA21C01","Average weekly volume of cars","2023","2023","10","Selected traffic sites - Dublin","11","Week 11","Number","525088"
"THA21C01","Average weekly volume of cars","2023","2023","10","Selected traffic sites - Dublin","12","Week 12","Number","563442"
"THA21C01","Average weekly volume of cars","2023","2023","10","Selected traffic sites - Dublin","13","Week 13","Number","567382"
"THA21C01","Average weekly volume of cars","2023","2023","10","Selected traffic sites - Dublin","14","Week 14","Number","555145"
"THA21C01","Average weekly volume of cars","2023","2023","10","Selected traffic sites - Dublin","15","Week 15","Number","555820"
"THA21C01","Average weekly volume of cars","2023","2023","10","Selected traffic sites - Dublin","16","Week 16","Number","567667"
"THA21C01","Average weekly volume of cars","2023","2023","10","Selected traffic sites - Dublin","17","Week 17","Number","575866"
"THA21C01","Average weekly volume of cars","2023","2023","10","Selected traffic sites - Dublin","18","Week 18","Number","574729"
"THA21C01","Average weekly volume of cars","2023","2023","10","Selected traffic sites - Dublin","19","Week 19","Number","583611"
"THA21C01","Average weekly volume of cars","2023","2023","10","Selected traffic sites - Dublin","20","Week 20","Number","586716"
"THA21C01","Average weekly volume of cars","2023","2023","10","Selected traffic sites - Dublin","21","Week 21","Number","593121"
"THA21C01","Average weekly volume of cars","2023","2023","10","Selected traffic sites - Dublin","22","Week 22","Number","584798"
"THA21C01","Average weekly volume of cars","2023","2023","10","Selected traffic sites - Dublin","23","Week 23","Number","572057"
"THA21C01","Average weekly volume of cars","2023","2023","10","Selected traffic sites - Dublin","24","Week 24","Number","583623"
"THA21C01","Average weekly volume of cars","2023","2023","10","Selected traffic sites - Dublin","25","Week 25","Number","589136"
"THA21C01","Average weekly volume of cars","2023","2023","10","Selected traffic sites - Dublin","26","Week 26","Number","593720"
"THA21C01","Average weekly volume of cars","2023","2023","10","Selected traffic sites - Dublin","27","Week 27","Number","575365"
"THA21C01","Average weekly volume of cars","2023","2023","10","Selected traffic sites - Dublin","28","Week 28","Number","562654"
"THA21C01","Average weekly volume of cars","2023","2023","10","Selected traffic sites - Dublin","29","Week 29","Number","565481"
"THA21C01","Average weekly volume of cars","2023","2023","10","Selected traffic sites - Dublin","30","Week 30","Number","573426"
"THA21C01","Average weekly volume of cars","2023","2023","10","Selected traffic sites - Dublin","31","Week 31","Number","566094"
"THA21C01","Average weekly volume of cars","2023","2023","10","Selected traffic sites - Dublin","32","Week 32","Number","566180"
"THA21C01","Average weekly volume of cars","2023","2023","10","Selected traffic sites - Dublin","33","Week 33","Number","580231"
"THA21C01","Average weekly volume of cars","2023","2023","10","Selected traffic sites - Dublin","34","Week 34","Number","590693"
"THA21C01","Average weekly volume of cars","2023","2023","10","Selected traffic sites - Dublin","35","Week 35","Number","583862"
"THA21C01","Average weekly volume of cars","2023","2023","10","Selected traffic sites - Dublin","36","Week 36","Number","586130"
"THA21C01","Average weekly volume of cars","2023","2023","10","Selected traffic sites - Dublin","37","Week 37","Number","563455"
"THA21C01","Average weekly volume of cars","2023","2023","10","Selected traffic sites - Dublin","38","Week 38","Number","575855"
"THA21C01","Average weekly volume of cars","2023","2023","10","Selected traffic sites - Dublin","39","Week 39","Number","569752"
"THA21C01","Average weekly volume of cars","2023","2023","10","Selected traffic sites - Dublin","40","Week 40","Number",""
"THA21C01","Average weekly volume of cars","2023","2023","10","Selected traffic sites - Dublin","41","Week 41","Number",""
"THA21C01","Average weekly volume of cars","2023","2023","10","Selected traffic sites - Dublin","42","Week 42","Number",""
"THA21C01","Average weekly volume of cars","2023","2023","10","Selected traffic sites - Dublin","43","Week 43","Number",""
"THA21C01","Average weekly volume of cars","2023","2023","10","Selected traffic sites - Dublin","44","Week 44","Number",""
"THA21C01","Average weekly volume of cars","2023","2023","10","Selected traffic sites - Dublin","45","Week 45","Number",""
"THA21C01","Average weekly volume of cars","2023","2023","10","Selected traffic sites - Dublin","46","Week 46","Number",""
"THA21C01","Average weekly volume of cars","2023","2023","10","Selected traffic sites - Dublin","47","Week 47","Number",""
"THA21C01","Average weekly volume of cars","2023","2023","10","Selected traffic sites - Dublin","48","Week 48","Number",""
"THA21C01","Average weekly volume of cars","2023","2023","10","Selected traffic sites - Dublin","49","Week 49","Number",""
"THA21C01","Average weekly volume of cars","2023","2023","10","Selected traffic sites - Dublin","50","Week 50","Number",""
"THA21C01","Average weekly volume of cars","2023","2023","10","Selected traffic sites - Dublin","51","Week 51","Number",""
"THA21C01","Average weekly volume of cars","2023","2023","10","Selected traffic sites - Dublin","52","Week 52","Number",""
"THA21C01","Average weekly volume of cars","2023","2023","10","Selected traffic sites - Dublin","53","Week 53","Number",""
"THA21C01","Average weekly volume of cars","2023","2023","20","Selected traffic sites - Regional","01","Week 01","Number","163733"
"THA21C01","Average weekly volume of cars","2023","2023","20","Selected traffic sites - Regional","02","Week 02","Number","177370"
"THA21C01","Average weekly volume of cars","2023","2023","20","Selected traffic sites - Regional","03","Week 03","Number","180965"
"THA21C01","Average weekly volume of cars","2023","2023","20","Selected traffic sites - Regional","04","Week 04","Number","186235"
"THA21C01","Average weekly volume of cars","2023","2023","20","Selected traffic sites - Regional","05","Week 05","Number","181971"
"THA21C01","Average weekly volume of cars","2023","2023","20","Selected traffic sites - Regional","06","Week 06","Number","175411"
"THA21C01","Average weekly volume of cars","2023","2023","20","Selected traffic sites - Regional","07","Week 07","Number","185996"
"THA21C01","Average weekly volume of cars","2023","2023","20","Selected traffic sites - Regional","08","Week 08","Number","181717"
"THA21C01","Average weekly volume of cars","2023","2023","20","Selected traffic sites - Regional","09","Week 09","Number","185409"
"THA21C01","Average weekly volume of cars","2023","2023","20","Selected traffic sites - Regional","10","Week 10","Number","180257"
"THA21C01","Average weekly volume of cars","2023","2023","20","Selected traffic sites - Regional","11","Week 11","Number","177253"
"THA21C01","Average weekly volume of cars","2023","2023","20","Selected traffic sites - Regional","12","Week 12","Number","188064"
"THA21C01","Average weekly volume of cars","2023","2023","20","Selected traffic sites - Regional","13","Week 13","Number","191018"
"THA21C01","Average weekly volume of cars","2023","2023","20","Selected traffic sites - Regional","14","Week 14","Number","187707"
"THA21C01","Average weekly volume of cars","2023","2023","20","Selected traffic sites - Regional","15","Week 15","Number","189908"
"THA21C01","Average weekly volume of cars","2023","2023","20","Selected traffic sites - Regional","16","Week 16","Number","192204"
"THA21C01","Average weekly volume of cars","2023","2023","20","Selected traffic sites - Regional","17","Week 17","Number","195635"
"THA21C01","Average weekly volume of cars","2023","2023","20","Selected traffic sites - Regional","18","Week 18","Number","190337"
"THA21C01","Average weekly volume of cars","2023","2023","20","Selected traffic sites - Regional","19","Week 19","Number","196812"
"THA21C01","Average weekly volume of cars","2023","2023","20","Selected traffic sites - Regional","20","Week 20","Number","194848"
"THA21C01","Average weekly volume of cars","2023","2023","20","Selected traffic sites - Regional","21","Week 21","Number","197180"
"THA21C01","Average weekly volume of cars","2023","2023","20","Selected traffic sites - Regional","22","Week 22","Number","198514"
"THA21C01","Average weekly volume of cars","2023","2023","20","Selected traffic sites - Regional","23","Week 23","Number","192228"
"THA21C01","Average weekly volume of cars","2023","2023","20","Selected traffic sites - Regional","24","Week 24","Number","191776"
"THA21C01","Average weekly volume of cars","2023","2023","20","Selected traffic sites - Regional","25","Week 25","Number","198125"
"THA21C01","Average weekly volume of cars","2023","2023","20","Selected traffic sites - Regional","26","Week 26","Number","197770"
"THA21C01","Average weekly volume of cars","2023","2023","20","Selected traffic sites - Regional","27","Week 27","Number","198384"
"THA21C01","Average weekly volume of cars","2023","2023","20","Selected traffic sites - Regional","28","Week 28","Number","190701"
"THA21C01","Average weekly volume of cars","2023","2023","20","Selected traffic sites - Regional","29","Week 29","Number","196467"
"THA21C01","Average weekly volume of cars","2023","2023","20","Selected traffic sites - Regional","30","Week 30","Number","197763"
"THA21C01","Average weekly volume of cars","2023","2023","20","Selected traffic sites - Regional","31","Week 31","Number","201570"
"THA21C01","Average weekly volume of cars","2023","2023","20","Selected traffic sites - Regional","32","Week 32","Number","199188"
"THA21C01","Average weekly volume of cars","2023","2023","20","Selected traffic sites - Regional","33","Week 33","Number","200374"
"THA21C01","Average weekly volume of cars","2023","2023","20","Selected traffic sites - Regional","34","Week 34","Number","203561"
"THA21C01","Average weekly volume of cars","2023","2023","20","Selected traffic sites - Regional","35","Week 35","Number","197990"
"THA21C01","Average weekly volume of cars","2023","2023","20","Selected traffic sites - Regional","36","Week 36","Number","199974"
"THA21C01","Average weekly volume of cars","2023","2023","20","Selected traffic sites - Regional","37","Week 37","Number","195880"
"THA21C01","Average weekly volume of cars","2023","2023","20","Selected traffic sites - Regional","38","Week 38","Number","196820"
"THA21C01","Average weekly volume of cars","2023","2023","20","Selected traffic sites - Regional","39","Week 39","Number","194883"
"THA21C01","Average weekly volume of cars","2023","2023","20","Selected traffic sites - Regional","40","Week 40","Number",""
"THA21C01","Average weekly volume of cars","2023","2023","20","Selected traffic sites - Regional","41","Week 41","Number",""
"THA21C01","Average weekly volume of cars","2023","2023","20","Selected traffic sites - Regional","42","Week 42","Number",""
"THA21C01","Average weekly volume of cars","2023","2023","20","Selected traffic sites - Regional","43","Week 43","Number",""
"THA21C01","Average weekly volume of cars","2023","2023","20","Selected traffic sites - Regional","44","Week 44","Number",""
"THA21C01","Average weekly volume of cars","2023","2023","20","Selected traffic sites - Regional","45","Week 45","Number",""
"THA21C01","Average weekly volume of cars","2023","2023","20","Selected traffic sites - Regional","46","Week 46","Number",""
"THA21C01","Average weekly volume of cars","2023","2023","20","Selected traffic sites - Regional","47","Week 47","Number",""
"THA21C01","Average weekly volume of cars","2023","2023","20","Selected traffic sites - Regional","48","Week 48","Number",""
"THA21C01","Average weekly volume of cars","2023","2023","20","Selected traffic sites - Regional","49","Week 49","Number",""
"THA21C01","Average weekly volume of cars","2023","2023","20","Selected traffic sites - Regional","50","Week 50","Number",""
"THA21C01","Average weekly volume of cars","2023","2023","20","Selected traffic sites - Regional","51","Week 51","Number",""
"THA21C01","Average weekly volume of cars","2023","2023","20","Selected traffic sites - Regional","52","Week 52","Number",""
"THA21C01","Average weekly volume of cars","2023","2023","20","Selected traffic sites - Regional","53","Week 53","Number",""
